-- phpMyAdmin SQL Dump
-- version 5.2.2
-- https://www.phpmyadmin.net/
--
-- Host: localhost:3306
-- Generation Time: May 30, 2025 at 06:27 AM
-- Server version: 10.6.22-MariaDB
-- PHP Version: 8.3.21

SET SQL_MODE = "NO_AUTO_VALUE_ON_ZERO";
START TRANSACTION;
SET time_zone = "+00:00";


/*!40101 SET @OLD_CHARACTER_SET_CLIENT=@@CHARACTER_SET_CLIENT */;
/*!40101 SET @OLD_CHARACTER_SET_RESULTS=@@CHARACTER_SET_RESULTS */;
/*!40101 SET @OLD_COLLATION_CONNECTION=@@COLLATION_CONNECTION */;
/*!40101 SET NAMES utf8mb4 */;

--
-- Database: `lunaente_app`
--

-- --------------------------------------------------------

--
-- Table structure for table `deletedAccounts`
--

CREATE TABLE `deletedAccounts` (
  `id` int(11) NOT NULL,
  `user_id` int(11) NOT NULL,
  `name` int(100) NOT NULL,
  `email` varchar(100) NOT NULL,
  `password` text NOT NULL,
  `deleted_at` timestamp NOT NULL DEFAULT current_timestamp() ON UPDATE current_timestamp()
) ENGINE=MyISAM DEFAULT CHARSET=latin1 COLLATE=latin1_swedish_ci;

--
-- Dumping data for table `deletedAccounts`
--

INSERT INTO `deletedAccounts` (`id`, `user_id`, `name`, `email`, `password`, `deleted_at`) VALUES
(1, 4361, 0, 'anas80@gmail.com', 'e118217b59f9df25447a6042e1282a69', '2023-01-16 08:47:53'),
(2, 4361, 0, '', '', '2023-01-16 08:48:14'),
(3, 4361, 0, '', '', '2023-01-16 08:48:20'),
(4, 4361, 0, '', '', '2023-01-16 08:48:57'),
(5, 4357, 0, 'mustafaghouri22@gmail.com', '202cb962ac59075b964b07152d234b70', '2023-01-16 08:49:24'),
(6, 4364, 0, 'haris@gmail.com', 'c0ba88b8bca79ca3b50b96abdf431766', '2023-01-16 08:51:26'),
(7, 4366, 0, '', '', '2023-01-16 08:52:24'),
(8, 4356, 0, 'akhtarrashid71@gmail.com', '123', '2023-01-16 08:53:26'),
(9, 4373, 0, 'jessicachavez765@gmail.com', '68eacb97d86f0c4621fa2b0e17cabd8c', '2023-01-16 08:54:13'),
(10, 4389, 0, 'anas@gmail.com', 'e118217b59f9df25447a6042e1282a69', '2023-01-16 08:54:18'),
(11, 181187, 0, '', '', '2023-01-16 09:01:17'),
(12, 4373, 0, '', '', '2023-01-16 09:21:12'),
(13, 4373, 0, '', '', '2023-01-16 09:40:35'),
(14, 4373, 0, '', '', '2023-01-16 09:40:36'),
(15, 4373, 0, '', '', '2023-01-16 09:40:38'),
(16, 4373, 0, '', '', '2023-01-16 09:40:39'),
(17, 4373, 0, '', '', '2023-01-16 09:40:43'),
(18, 4373, 0, '', '', '2023-01-16 14:14:06'),
(19, 4390, 0, 'anas@gmail.com', 'e118217b59f9df25447a6042e1282a69', '2023-01-18 07:16:32'),
(20, 4391, 0, 'anas@gmail.com', 'e118217b59f9df25447a6042e1282a69', '2023-02-02 13:50:57'),
(21, 4398, 0, 'alishba@gmail.com', '202cb962ac59075b964b07152d234b70', '2023-02-09 07:03:30'),
(22, 4395, 0, 'Abraham.lunaenterprises@gmail.com', '1822d05551a63b98dfc363f0bfa550e7', '2024-08-29 19:31:41');

-- --------------------------------------------------------

--
-- Table structure for table `form_images`
--

CREATE TABLE `form_images` (
  `id` int(11) NOT NULL,
  `images` varchar(225) NOT NULL,
  `form_id` int(11) NOT NULL
) ENGINE=InnoDB DEFAULT CHARSET=latin1 COLLATE=latin1_swedish_ci;

--
-- Dumping data for table `form_images`
--

INSERT INTO `form_images` (`id`, `images`, `form_id`) VALUES
(13, '16112022114423OutputFile_1668599058601.jpeg', 45),
(14, '16112022114423OutputFile_1668599058643.jpeg', 45),
(15, '16112022114423OutputFile_1668599058671.jpeg', 45),
(16, '16112022114423OutputFile_1668599058700.jpeg', 45),
(137, '14122022075929OutputFile_1671004764329.jpeg', 112),
(138, '14122022075929OutputFile_1671004764394.jpeg', 112),
(139, '14122022075929OutputFile_1671004764420.jpeg', 112),
(140, '14122022075929OutputFile_1671004764437.jpeg', 112),
(141, '14122022075929OutputFile_1671004764452.jpeg', 112),
(142, '14122022075929OutputFile_1671004764469.jpeg', 112),
(143, '14122022075929OutputFile_1671004764755.jpeg', 112),
(144, '14122022075929OutputFile_1671004764786.jpeg', 112),
(185, '21052024141714OutputFile_1716301030976.jpeg', 126),
(186, '21052024141714OutputFile_1716301031012.jpeg', 126),
(187, '21052024141714OutputFile_1716301031029.jpeg', 126),
(188, '21052024141714OutputFile_1716301031047.jpeg', 126),
(213, '14062024110556image_picker_B3FA14F0-5FA4-4348-A3AB-DD019BB67896-23715-0000004DA89F5219.png', 146),
(214, '14062024110556image_picker_9476A569-9D4D-4A7B-BC45-AD668D4FF4D1-23715-0000004DA87A20F9.png', 146),
(215, '14062024110556image_picker_2F130190-6651-4560-A047-2CA12A6D8397-23715-0000004DA8A59BD6.jpg', 146),
(216, '14062024110556image_picker_62C62A8A-BA41-480A-8A94-53389C5017F6-23715-0000004DA8A4908D.jpg', 146),
(233, '29082024194355IMG_3774.HEIC', 149),
(234, '29082024194355FullSizeRender.jpg', 149),
(235, '29082024194355FullSizeRender.jpg', 149),
(236, '29082024194355FullSizeRender.jpg', 149),
(237, '29082024194355FullSizeRender.jpg', 149),
(238, '29082024194355FullSizeRender.jpg', 149),
(239, '29082024194355IMG_3693.PNG', 149),
(240, '29082024194355IMG_3694.PNG', 149),
(252, '30082024060358OutputFile_1724997830134.jpeg', 0),
(253, '30082024060358OutputFile_1724997830150.jpeg', 0),
(254, '30082024060358OutputFile_1724997830164.jpeg', 0),
(255, '30082024060359OutputFile_1724997830178.jpeg', 0),
(256, '30082024060359OutputFile_1724997830191.jpeg', 0),
(257, '30082024060359OutputFile_1724997830201.jpeg', 0),
(258, '30082024060359OutputFile_1724997830214.jpeg', 0),
(259, '30082024060359OutputFile_1724997830228.jpeg', 0),
(260, '30082024060359OutputFile_1724997830240.jpeg', 0),
(261, '30082024060400OutputFile_1724997830248.jpeg', 0),
(262, '30082024060400OutputFile_1724997830255.jpeg', 0),
(267, '180920240958011000011443.jpg', 151),
(268, '180920240958011000011442.jpg', 151),
(269, '180920240958011000011441.jpg', 151),
(270, '180920240958011000011571.jpg', 151),
(271, '180920240958011000011570.jpg', 151),
(272, '180920240958011000011444.jpg', 151),
(277, '180920242140061000011652.jpg', 153),
(278, '180920242140061000011641.jpg', 153),
(279, '180920242140061000011651.jpg', 153),
(280, '180920242140061000011628.jpg', 153),
(281, '180920242140061000011638.jpg', 153),
(282, '180920242140061000011627.jpg', 153),
(283, '180920242140061000011635.jpg', 153),
(284, '180920242140061000011643.jpg', 153),
(285, '180920242140061000011620.jpg', 153),
(286, '260920241317251000000020.jpg', 155),
(287, '260920241317251000000021.png', 155),
(288, '260920241317251000000022.jpg', 155),
(289, '260920241317251000000024.jpg', 155),
(290, '260920241317251000000025.jpg', 155),
(291, '260920241317261000000020.jpg', 155),
(292, '260920241317261000000021.png', 155),
(293, '260920241317261000000022.jpg', 155),
(294, '260920241317261000000024.jpg', 155),
(295, '260920241317261000000025.jpg', 155),
(296, '270920241441231000000020.jpg', 157),
(297, '270920241441231000000021.png', 157),
(298, '270920241441231000000022.jpg', 157),
(299, '270920241441231000000024.jpg', 157),
(300, '270920241441231000000025.jpg', 157),
(301, '270920241441231000000020.jpg', 157),
(302, '270920241441231000000021.png', 157),
(303, '270920241441231000000022.jpg', 157),
(304, '270920241441231000000024.jpg', 157),
(305, '270920241441231000000025.jpg', 157),
(306, '270920241519301000000020.jpg', 177),
(307, '270920241519301000000021.png', 177),
(308, '270920241519301000000022.jpg', 177),
(309, '270920241519301000000024.jpg', 177),
(310, '270920241519301000000025.jpg', 177),
(311, '270920241519301000000020.jpg', 177),
(312, '270920241519301000000021.png', 177),
(313, '270920241519301000000022.jpg', 177),
(314, '270920241519301000000024.jpg', 177),
(315, '270920241519301000000025.jpg', 177),
(316, '270920241521431000000020.jpg', 178),
(317, '270920241521431000000021.png', 178),
(318, '270920241521431000000022.jpg', 178),
(319, '270920241521431000000024.jpg', 178),
(320, '270920241521431000000025.jpg', 178),
(321, '270920241521431000000020.jpg', 178),
(322, '270920241521431000000021.png', 178),
(323, '270920241521431000000022.jpg', 178),
(324, '270920241521431000000024.jpg', 178),
(325, '270920241521431000000025.jpg', 178),
(326, '280920240735161000000020.jpg', 183),
(327, '280920240735161000000021.png', 183),
(328, '280920240735161000000022.jpg', 183),
(329, '280920240735161000000024.jpg', 183),
(330, '280920240735161000000025.jpg', 183),
(331, '280920240735161000000020.jpg', 183),
(332, '280920240735161000000021.png', 183),
(333, '280920240735161000000022.jpg', 183),
(334, '280920240735161000000024.jpg', 183),
(335, '280920240735161000000025.jpg', 183),
(346, '031020241232251000000022.jpg', 185),
(347, '031020241232251000000025.jpg', 185),
(348, '031020241232251000000020.jpg', 185),
(349, '031020241232251000000021.png', 185),
(350, '031020241232251000000022.jpg', 185),
(351, '031020241232251000000024.jpg', 185),
(352, '031020241232251000000025.jpg', 185),
(353, '031020241232251000000020.jpg', 185),
(354, '031020241232251000000021.png', 185),
(355, '031020241232251000000022.jpg', 185),
(356, '031020241232251000000024.jpg', 185),
(357, '100320250913581000021496.jpg', 188),
(358, '100320250913581000021495.jpg', 188),
(359, '100320250913581000021494.jpg', 188),
(360, '100320250913581000021256.jpg', 188),
(361, '100320250913581000021196.jpg', 188),
(362, '100320250913581000021259.jpg', 188),
(363, '100320250913581000021150.jpg', 188),
(364, '100320250913581000021147.jpg', 188),
(365, '100320250913581000021156.jpg', 188),
(366, '100320250913581000021105.jpg', 188),
(367, '100320250913581000021104.jpg', 188),
(368, '100320250913581000021103.jpg', 188),
(369, '07042025101201IMG_20250214_121327.jpg', 190),
(370, '07042025101201IMG_20241218_142345.jpg', 190),
(371, '07042025101201IMG_20250214_121327.jpg', 190),
(372, '07042025101201IMG_20241218_142345.jpg', 190),
(373, '07042025101201IMG_20250214_121327.jpg', 190),
(374, '07042025101201IMG_20241218_142345.jpg', 190),
(375, '07042025101201IMG_20241218_142341.jpg', 190),
(376, '07042025101201IMG_20250214_121327.jpg', 190),
(377, '07042025101201IMG_20241218_142345.jpg', 190),
(378, '07042025101201IMG_20250214_121327.jpg', 190),
(379, '08042025103231IMG_20250214_121327.jpg', 199),
(380, '08042025103231IMG_20241218_142345.jpg', 199),
(381, '08042025103231IMG_20241218_142341.jpg', 199),
(382, '08042025103231IMG_20250214_121327.jpg', 199),
(383, '08042025115650IMG_20250214_121327.jpg', 201),
(384, '08042025115650IMG_20241218_142345.jpg', 201),
(385, '08042025115650IMG_20241218_142341.jpg', 201),
(386, '08042025115650IMG_20250214_121327.jpg', 201),
(387, '11042025044305IMG_20250214_121327.jpg', 205),
(388, '11042025044305IMG_20241218_142345.jpg', 205),
(389, '11042025044305IMG_20241218_142341.jpg', 205),
(390, '11042025044305IMG_20250214_121327.jpg', 205),
(391, '11042025045930IMG_20250214_121327.jpg', 208),
(392, '11042025045930IMG_20241218_142345.jpg', 208),
(393, '11042025045930IMG_20241218_142341.jpg', 208),
(394, '11042025045930IMG_20250214_121327.jpg', 208),
(395, '11042025051003IMG_20250214_121327.jpg', 209),
(396, '11042025051003IMG_20241218_142345.jpg', 209),
(397, '11042025051003IMG_20241218_142341.jpg', 209),
(398, '11042025051003IMG_20250214_121327.jpg', 209),
(399, '11042025053853IMG_20250214_121327.jpg', 210),
(400, '11042025053853IMG_20241218_142345.jpg', 210),
(401, '11042025053853IMG_20241218_142341.jpg', 210),
(402, '11042025053853IMG_20250214_121327.jpg', 210),
(403, '11042025055254IMG_20250214_121327.jpg', 211),
(404, '11042025055254IMG_20241218_142345.jpg', 211),
(405, '11042025055254IMG_20241218_142341.jpg', 211),
(406, '11042025055254IMG_20250214_121327.jpg', 211),
(407, '11042025060508IMG_20250214_121327.jpg', 212),
(408, '11042025060508IMG_20241218_142345.jpg', 212),
(409, '11042025060508IMG_20241218_142341.jpg', 212),
(410, '11042025060508IMG_20250214_121327.jpg', 212),
(417, '120420251224521000023769.jpg', 213),
(418, '120420251224521000023768.jpg', 213),
(419, '120420251224521000023748.jpg', 213),
(420, '120420251224521000023770.jpg', 213),
(421, '120420251224521000023747.jpg', 213),
(422, '120420251224521000023746.jpg', 213),
(423, '14042025050745IMG_20250214_121327.jpg', 214),
(424, '14042025050745IMG_20241218_142345.jpg', 214),
(425, '14042025050745IMG_20241218_142341.jpg', 214),
(426, '14042025050745IMG_20250214_121327.jpg', 214),
(427, '14042025050745IMG_20241218_142345.jpg', 214),
(428, '14042025050745IMG_20241218_142341.jpg', 214),
(429, '14042025050745IMG_20250214_121327.jpg', 214),
(430, '14042025050745IMG_20250214_121327.jpg', 214),
(431, '14042025050745IMG_20241218_142345.jpg', 214),
(432, '14042025050745IMG_20241218_142341.jpg', 214),
(433, '14042025054015IMG_20250214_121327.jpg', 215),
(434, '14042025054015IMG_20241218_142345.jpg', 215),
(435, '14042025054015IMG_20241218_142341.jpg', 215),
(436, '14042025054015IMG_20250214_121327.jpg', 215),
(437, '14042025054015IMG_20241218_142345.jpg', 215),
(438, '14042025054015IMG_20241218_142341.jpg', 215),
(439, '14042025054015IMG_20250214_121327.jpg', 215),
(440, '14042025054015IMG_20250214_121327.jpg', 215),
(441, '14042025054015IMG_20241218_142341.jpg', 215),
(442, '14042025054015IMG_20241218_142345.jpg', 215),
(443, '14042025055053IMG_20250214_121327.jpg', 216),
(444, '14042025055053IMG_20241218_142345.jpg', 216),
(445, '14042025055053IMG_20241218_142341.jpg', 216),
(446, '14042025055053IMG_20250214_121327.jpg', 216),
(447, '14042025055053IMG_20241218_142345.jpg', 216),
(448, '14042025055053IMG_20241218_142341.jpg', 216),
(449, '14042025055053IMG_20250214_121327.jpg', 216),
(450, '14042025055053IMG_20241218_142345.jpg', 216),
(451, '14042025055053IMG_20241218_142345.jpg', 216),
(452, '14042025055053IMG_20241218_142341.jpg', 216),
(453, '14042025064300IMG_20250214_121327.jpg', 218),
(454, '14042025064300IMG_20241218_142345.jpg', 218),
(455, '14042025064300IMG_20241218_142341.jpg', 218),
(456, '14042025064300IMG_20250214_121327.jpg', 218),
(457, '14042025064300IMG_20241218_142345.jpg', 218),
(458, '14042025064300IMG_20241218_142341.jpg', 218),
(459, '14042025064300IMG_20250214_121327.jpg', 218),
(460, '14042025064300IMG_20241218_142345.jpg', 218),
(461, '14042025064300IMG_20241218_142341.jpg', 218),
(462, '14042025064300IMG_20250214_121327.jpg', 218),
(463, '1604202505231321.jpg', 219),
(464, '1604202505231320.jpg', 219),
(465, '1604202505231319.jpg', 219),
(466, '1604202505231320.jpg', 219),
(467, '1604202505231320.jpg', 219),
(468, '1604202505231319.jpg', 219),
(469, '1604202505231321.jpg', 219),
(470, '1604202505231320.jpg', 219),
(471, '1604202505231321.jpg', 219),
(472, '1604202505231319.jpg', 219),
(473, '1604202505262419.jpg', 220),
(474, '1604202505262420.jpg', 220),
(475, '1604202505262421.jpg', 220),
(476, '1604202505262420.jpg', 220),
(477, '1604202505262419.jpg', 220),
(478, '1604202505262421.jpg', 220),
(479, '1604202505262421.jpg', 220),
(480, '1604202505262420.jpg', 220),
(481, '1604202505262419.jpg', 220),
(482, '1604202505262421.jpg', 220),
(483, '1604202505262420.jpg', 220),
(484, '1604202505262419.jpg', 220),
(496, '160420250913561000024135.jpg', 223),
(497, '160420250913561000024134.jpg', 223),
(498, '160420250913561000024107.jpg', 223),
(499, '160420250913561000024108.jpg', 223),
(500, '160420250913561000024109.jpg', 223),
(501, '160420250913561000024104.jpg', 223),
(502, '160420250913561000024088.jpg', 223),
(503, '160420250913561000024062.jpg', 223),
(504, '160420250913561000024061.jpg', 223),
(505, '160420250913561000024046.jpg', 223),
(506, '160420250913561000024030.jpg', 223),
(507, '160420250913561000024043.jpg', 223),
(508, '1704202505221818.jpg', 224),
(509, '1704202505221819.jpg', 224),
(510, '1704202505221821.png', 224),
(511, '1704202505221821.png', 224),
(512, '1704202505221819.jpg', 224),
(513, '1704202505221818.jpg', 224),
(514, '1704202505221821.png', 224),
(515, '1704202505221819.jpg', 224),
(516, '1704202505221818.jpg', 224),
(517, '1704202505221821.png', 224),
(518, '1704202505221819.jpg', 224),
(519, '1704202505221818.jpg', 224),
(520, '17042025062440IMG_20250214_121327.jpg', 225),
(521, '17042025062440IMG_20241218_142345.jpg', 225),
(522, '17042025062440IMG_20241218_142341.jpg', 225),
(523, '17042025062440IMG_20250214_121327.jpg', 225),
(524, '17042025062440IMG_20250214_121327.jpg', 225),
(525, '17042025062440IMG_20241218_142345.jpg', 225),
(526, '17042025062440IMG_20241218_142341.jpg', 225),
(527, '17042025062440IMG_20250214_121327.jpg', 225),
(528, '17042025062440IMG_20241218_142345.jpg', 225),
(529, '17042025062440IMG_20250214_121327.jpg', 225),
(540, '17042025075404IMG_20250214_121327.jpg', 226),
(541, '17042025075404IMG_20241218_142345.jpg', 226),
(542, '17042025075404IMG_20241218_142341.jpg', 226),
(543, '17042025075404IMG_20250214_121327.jpg', 226),
(544, '17042025075404IMG_20241218_142345.jpg', 226),
(545, '17042025075404IMG_20241218_142341.jpg', 226),
(546, '17042025075404IMG_20250214_121327.jpg', 226),
(547, '17042025075404IMG_20241218_142345.jpg', 226),
(548, '17042025075404IMG_20241218_142341.jpg', 226),
(549, '17042025075404IMG_20250214_121327.jpg', 226),
(550, '17042025075653IMG_20250214_121327.jpg', 227),
(551, '17042025075653IMG_20241218_142345.jpg', 227),
(552, '17042025075653IMG_20241218_142341.jpg', 227),
(553, '17042025075653IMG_20241218_142341.jpg', 227),
(554, '17042025075653IMG_20250214_121327.jpg', 227),
(555, '17042025075653IMG_20241218_142345.jpg', 227),
(556, '17042025075653IMG_20241218_142341.jpg', 227),
(557, '17042025075653IMG_20250214_121327.jpg', 227),
(558, '17042025075653IMG_20241218_142345.jpg', 227),
(559, '17042025075653IMG_20241218_142341.jpg', 227),
(560, '17042025081920IMG_20250214_121327.jpg', 228),
(561, '17042025081920IMG_20241218_142345.jpg', 228),
(562, '17042025081920IMG_20241218_142341.jpg', 228),
(563, '17042025081920IMG_20250214_121327.jpg', 228),
(564, '17042025081920IMG_20241218_142345.jpg', 228),
(565, '17042025081920IMG_20241218_142341.jpg', 228),
(566, '17042025081920IMG_20250214_121327.jpg', 228),
(567, '17042025081920IMG_20241218_142345.jpg', 228),
(568, '17042025081920IMG_20241218_142341.jpg', 228),
(569, '17042025081920IMG_20250214_121327.jpg', 228),
(570, '17042025082518IMG_20250214_121327.jpg', 229),
(571, '17042025082518IMG_20241218_142345.jpg', 229),
(572, '17042025082518IMG_20241218_142341.jpg', 229),
(573, '17042025082518IMG_20250214_121327.jpg', 229),
(574, '17042025082518IMG_20241218_142345.jpg', 229),
(575, '17042025082518IMG_20241218_142341.jpg', 229),
(576, '17042025082518IMG_20250214_121327.jpg', 229),
(577, '17042025082518IMG_20241218_142345.jpg', 229),
(578, '17042025082518IMG_20241218_142341.jpg', 229),
(579, '17042025082518IMG_20250214_121327.jpg', 229),
(580, '17042025090946IMG_20250214_121327.jpg', 230),
(581, '17042025090946IMG_20241218_142345.jpg', 230),
(582, '17042025090946IMG_20241218_142341.jpg', 230),
(583, '17042025090946IMG_20250214_121327.jpg', 230),
(584, '17042025090946IMG_20241218_142345.jpg', 230),
(585, '17042025090946IMG_20241218_142341.jpg', 230),
(586, '17042025090946IMG_20250214_121327.jpg', 230),
(587, '17042025090946IMG_20241218_142345.jpg', 230),
(588, '17042025090946IMG_20241218_142341.jpg', 230),
(589, '17042025090946IMG_20241218_142345.jpg', 230),
(590, '17042025092015IMG_20250214_121327.jpg', 231),
(591, '17042025092015IMG_20241218_142345.jpg', 231),
(592, '17042025092015IMG_20241218_142341.jpg', 231),
(593, '17042025092015IMG_20250214_121327.jpg', 231),
(594, '17042025092015IMG_20241218_142345.jpg', 231),
(595, '17042025092015IMG_20241218_142345.jpg', 231),
(596, '17042025092015IMG_20241218_142341.jpg', 231),
(597, '17042025092015IMG_20250214_121327.jpg', 231),
(598, '17042025092015IMG_20241218_142345.jpg', 231),
(599, '17042025092015IMG_20250214_121327.jpg', 231),
(600, '17042025094701IMG_20250214_121327.jpg', 232),
(601, '17042025094701IMG_20241218_142345.jpg', 232),
(602, '17042025094701IMG_20241218_142341.jpg', 232),
(603, '17042025094701IMG_20250214_121327.jpg', 232),
(604, '17042025094701IMG_20241218_142345.jpg', 232),
(605, '17042025094701IMG_20241218_142341.jpg', 232),
(606, '17042025094701IMG_20250214_121327.jpg', 232),
(607, '17042025094701IMG_20241218_142345.jpg', 232),
(608, '17042025094701IMG_20241218_142341.jpg', 232),
(609, '17042025094701IMG_20250214_121327.jpg', 232),
(610, '18042025044253IMG_20250214_121327.jpg', 233),
(611, '18042025044253IMG_20241218_142345.jpg', 233),
(612, '18042025044253IMG_20241218_142341.jpg', 233),
(613, '18042025044253IMG_20250214_121327.jpg', 233),
(614, '18042025044253IMG_20241218_142345.jpg', 233),
(615, '18042025044253IMG_20241218_142341.jpg', 233),
(616, '18042025044253IMG_20250214_121327.jpg', 233),
(617, '18042025044253IMG_20241218_142345.jpg', 233),
(618, '18042025044253IMG_20241218_142341.jpg', 233),
(619, '18042025044253IMG_20241218_142345.jpg', 233),
(620, '18042025044800IMG_20250214_121327.jpg', 234),
(621, '18042025044800IMG_20241218_142345.jpg', 234),
(622, '18042025044800IMG_20241218_142341.jpg', 234),
(623, '18042025044800IMG_20250214_121327.jpg', 234),
(624, '18042025044800IMG_20241218_142345.jpg', 234),
(625, '18042025044800IMG_20241218_142341.jpg', 234),
(626, '18042025044800IMG_20250214_121327.jpg', 234),
(627, '18042025044800IMG_20241218_142345.jpg', 234),
(628, '18042025044800IMG_20241218_142341.jpg', 234),
(629, '18042025044800IMG_20250214_121327.jpg', 234),
(630, '18042025050011IMG_20250214_121327.jpg', 235),
(631, '18042025050011IMG_20241218_142345.jpg', 235),
(632, '18042025050011IMG_20241218_142345.jpg', 235),
(633, '18042025050011IMG_20241218_142341.jpg', 235),
(634, '18042025050011IMG_20250214_121327.jpg', 235),
(635, '18042025050011IMG_20241218_142345.jpg', 235),
(636, '18042025050011IMG_20241218_142341.jpg', 235),
(637, '18042025050011IMG_20250214_121327.jpg', 235),
(638, '18042025050011IMG_20241218_142341.jpg', 235),
(639, '18042025050011IMG_20241218_142345.jpg', 235),
(640, '18042025051024IMG_20250214_121327.jpg', 236),
(641, '18042025051024IMG_20241218_142345.jpg', 236),
(642, '18042025051024IMG_20241218_142341.jpg', 236),
(643, '18042025051024IMG_20250214_121327.jpg', 236),
(644, '18042025051024IMG_20241218_142345.jpg', 236),
(645, '18042025051024IMG_20241218_142341.jpg', 236),
(646, '18042025051024IMG_20250214_121327.jpg', 236),
(647, '18042025051024IMG_20241218_142345.jpg', 236),
(648, '18042025051024IMG_20241218_142341.jpg', 236),
(649, '18042025051024IMG_20250214_121327.jpg', 236),
(650, '18042025051627IMG_20250214_121327.jpg', 237),
(651, '18042025051627IMG_20241218_142345.jpg', 237),
(652, '18042025051627IMG_20241218_142341.jpg', 237),
(653, '18042025051627IMG_20250214_121327.jpg', 237),
(654, '18042025051627IMG_20241218_142345.jpg', 237),
(655, '18042025051627IMG_20241218_142345.jpg', 237),
(656, '18042025051627IMG_20241218_142341.jpg', 237),
(657, '18042025051627IMG_20250214_121327.jpg', 237),
(658, '18042025051627IMG_20241218_142345.jpg', 237),
(659, '18042025051627IMG_20241218_142341.jpg', 237),
(660, '1804202510074019.jpg', 238),
(661, '1804202510074018.jpg', 238),
(662, '1804202510074021.png', 238),
(663, '1804202510074018.jpg', 238),
(664, '1804202510074019.jpg', 238),
(665, '1804202510074021.png', 238),
(666, '1804202510074019.jpg', 238),
(667, '1804202510074021.png', 238),
(668, '1804202510074018.jpg', 238),
(669, '1804202510074019.jpg', 238),
(670, '1804202510074018.jpg', 238),
(671, '1804202510104721.png', 239),
(672, '1804202510104719.jpg', 239),
(673, '1804202510104718.jpg', 239),
(674, '1804202510104721.png', 239),
(675, '1804202510104719.jpg', 239),
(676, '1804202510104718.jpg', 239),
(677, '1804202510104718.jpg', 239),
(678, '1804202510104719.jpg', 239),
(679, '1804202510104721.png', 239),
(680, '1804202510104718.jpg', 239),
(681, '1804202510104719.jpg', 239),
(682, '1804202510143419.jpg', 240),
(683, '1804202510143418.jpg', 240),
(684, '1804202510143419.jpg', 240),
(685, '1804202510143421.png', 240),
(686, '1804202510143418.jpg', 240),
(687, '1804202510143419.jpg', 240),
(688, '1804202510143421.png', 240),
(689, '1804202510143418.jpg', 240),
(690, '1804202510143419.jpg', 240),
(691, '1804202510143418.jpg', 240),
(692, '1804202510184318.jpg', 241),
(693, '1804202510184319.jpg', 241),
(694, '1804202510184321.png', 241),
(695, '1804202510184318.jpg', 241),
(696, '1804202510184319.jpg', 241),
(697, '1804202510184321.png', 241),
(698, '1804202510184318.jpg', 241),
(699, '1804202510184319.jpg', 241),
(700, '1804202510184321.png', 241),
(701, '1804202510184319.jpg', 241),
(702, '1804202510322019.jpg', 242),
(703, '1804202510322018.jpg', 242),
(704, '1804202510322021.png', 242),
(705, '1804202510322018.jpg', 242),
(706, '1804202510322021.png', 242),
(707, '1804202510322019.jpg', 242),
(708, '1804202510322018.jpg', 242),
(709, '1804202510322019.jpg', 242),
(710, '1804202510322021.png', 242),
(711, '1804202510322018.jpg', 242),
(712, '1804202510322019.jpg', 242),
(713, '2804202506422521.jpg', 243),
(714, '2804202506422520.jpg', 243),
(715, '2804202506422519.jpg', 243),
(716, '2804202506422520.jpg', 243),
(717, '2804202506422521.jpg', 243),
(718, '2804202506422519.jpg', 243),
(719, '2804202506422519.jpg', 243),
(720, '2804202506422520.jpg', 243),
(721, '2804202506422521.jpg', 243),
(722, '2804202506422519.jpg', 243),
(723, '2804202506422520.jpg', 243),
(724, '2804202506511421.jpg', 244),
(725, '2804202506511420.jpg', 244),
(726, '2804202506511419.jpg', 244),
(727, '2804202506511421.jpg', 244),
(728, '2804202506511420.jpg', 244),
(729, '2804202506511419.jpg', 244),
(730, '2804202506511421.jpg', 244),
(731, '2804202506511420.jpg', 244),
(732, '2804202506511419.jpg', 244),
(733, '2804202506511421.jpg', 244),
(734, '2804202506511420.jpg', 244),
(735, '2804202506511419.jpg', 244),
(736, '2804202507104321.jpg', 245),
(737, '2804202507104319.jpg', 245),
(738, '2804202507104320.jpg', 245),
(739, '2804202507104321.jpg', 245),
(740, '2804202507104320.jpg', 245),
(741, '2804202507104319.jpg', 245),
(742, '2804202507104319.jpg', 245),
(743, '2804202507104320.jpg', 245),
(744, '2804202507104321.jpg', 245),
(745, '2804202507104319.jpg', 245),
(746, '2804202507104320.jpg', 245),
(747, '2804202507104321.jpg', 245),
(748, '2804202507382421.jpg', 246),
(749, '2804202507382420.jpg', 246),
(750, '2804202507382419.jpg', 246),
(751, '2804202507382421.jpg', 246),
(752, '2804202507382420.jpg', 246),
(753, '2804202507382419.jpg', 246),
(754, '2804202507382421.jpg', 246),
(755, '2804202507382420.jpg', 246),
(756, '2804202507382419.jpg', 246),
(757, '2804202507382421.jpg', 246),
(758, '2804202507382420.jpg', 246),
(759, '2804202507382419.jpg', 246),
(760, '2804202510084621.jpg', 247),
(761, '2804202510084620.jpg', 247),
(762, '2804202510084619.jpg', 247),
(763, '2804202510084620.jpg', 247),
(764, '2804202510084621.jpg', 247),
(765, '2804202510084619.jpg', 247),
(766, '2804202510084619.jpg', 247),
(767, '2804202510084620.jpg', 247),
(768, '2804202510084621.jpg', 247),
(769, '2804202510084620.jpg', 247),
(770, '2804202510084619.jpg', 247),
(771, '2904202508573321.jpg', 248),
(772, '2904202508573319.jpg', 248),
(773, '2904202508573320.jpg', 248),
(774, '2904202508573320.jpg', 248),
(775, '2904202508573319.jpg', 248),
(776, '2904202508573321.jpg', 248),
(777, '2904202508573319.jpg', 248),
(778, '2904202508573321.jpg', 248),
(779, '2904202508573320.jpg', 248),
(780, '2904202508573319.jpg', 248),
(781, '2904202508573320.jpg', 248),
(782, '2904202508573321.jpg', 248),
(783, '0205202505503619.jpg', 249),
(784, '0205202505503618.jpg', 249),
(785, '0205202505503619.jpg', 249),
(786, '0205202505503618.jpg', 249),
(787, '0205202505503619.jpg', 249),
(788, '0205202505503618.jpg', 249),
(789, '0205202506130418.jpg', 250),
(790, '0205202506130419.jpg', 250),
(791, '0305202505161520.jpg', 251),
(792, '0305202505161521.jpg', 251),
(793, '0305202505161519.jpg', 251),
(794, '0305202505211621.jpg', 252),
(795, '0305202505211620.jpg', 252),
(796, '0305202505211619.jpg', 252);

-- --------------------------------------------------------

--
-- Table structure for table `house_details`
--

CREATE TABLE `house_details` (
  `id` int(11) NOT NULL,
  `user_id` int(11) NOT NULL,
  `detailType` varchar(20) NOT NULL,
  `ownerName` varchar(100) NOT NULL,
  `phone` varchar(50) NOT NULL,
  `date` varchar(50) NOT NULL,
  `title` varchar(200) NOT NULL,
  `aggrement_pdf` varchar(255) NOT NULL,
  `bedrooms` varchar(50) NOT NULL,
  `bathrooms` varchar(50) NOT NULL,
  `areaSize` varchar(50) NOT NULL,
  `stories` varchar(50) NOT NULL,
  `squarefootage` varchar(50) NOT NULL,
  `location` varchar(200) NOT NULL,
  `propertyUnit` varchar(50) NOT NULL,
  `assiteNewHome` varchar(50) NOT NULL,
  `backedTaxowed` varchar(50) NOT NULL,
  `basement` varchar(50) NOT NULL,
  `dryer` varchar(50) NOT NULL,
  `existingMorgage` varchar(50) NOT NULL,
  `foundation` varchar(50) NOT NULL,
  `gasUtilityavail` varchar(50) NOT NULL,
  `helpmorgage` varchar(50) NOT NULL,
  `isProp` varchar(50) NOT NULL,
  `lockbox` varchar(50) NOT NULL,
  `lop` varchar(50) NOT NULL,
  `newHome` varchar(50) NOT NULL,
  `owfinance` varchar(50) NOT NULL,
  `userRange` varchar(50) NOT NULL,
  `sewer` varchar(50) NOT NULL,
  `survery` varchar(50) NOT NULL,
  `washer` varchar(50) NOT NULL,
  `waterOn` varchar(50) NOT NULL,
  `lopExplain` varchar(50) NOT NULL,
  `lockboxPlace` varchar(255) NOT NULL,
  `payMethod` varchar(50) NOT NULL,
  `rating` varchar(50) NOT NULL,
  `taxAmount` varchar(50) NOT NULL,
  `timeFrame` varchar(50) NOT NULL,
  `fastcash` varchar(125) NOT NULL
) ENGINE=InnoDB DEFAULT CHARSET=latin1 COLLATE=latin1_swedish_ci;

--
-- Dumping data for table `house_details`
--

INSERT INTO `house_details` (`id`, `user_id`, `detailType`, `ownerName`, `phone`, `date`, `title`, `aggrement_pdf`, `bedrooms`, `bathrooms`, `areaSize`, `stories`, `squarefootage`, `location`, `propertyUnit`, `assiteNewHome`, `backedTaxowed`, `basement`, `dryer`, `existingMorgage`, `foundation`, `gasUtilityavail`, `helpmorgage`, `isProp`, `lockbox`, `lop`, `newHome`, `owfinance`, `userRange`, `sewer`, `survery`, `washer`, `waterOn`, `lopExplain`, `lockboxPlace`, `payMethod`, `rating`, `taxAmount`, `timeFrame`, `fastcash`) VALUES
(45, 4360, '0', 'Anas', '09551255', '16th - Nov - 2022', 'Beautiful house', '', '5', '2', '200', '2', ' 8000', 'unknown street', '', 'true', '', '', 'true', 'true', '', '', '', '', '', '', '', '', 'true', '', '', '', 'false', '', '', '', '', '', '', ''),
(48, 4366, '0', 'New User', '03026294646', '14th - Nov - 2022', 'My house', '', '2', '2', '2500', '2', '', 'my house ', '', 'true', 'true', 'true', 'true', 'true', 'true', 'true', 'true', 'true', 'true', 'true', 'true', 'true', 'true', 'true', 'false', 'true', 'true', '', '', '', '', '', '', ''),
(53, 4366, '0', 'New User', '03026294646', '14th - Nov - 2022', 'My house', '', '2', '2', '2500', '2', '', 'my house ', '', 'true', 'true', 'true', 'true', 'true', 'true', 'true', 'true', 'true', 'true', 'true', 'true', 'true', 'true', 'true', 'false', 'true', 'true', '', '', '', '', '', '', ''),
(58, 4366, '0', 'New User', '03026294646', '14th - Nov - 2022', 'My house', '', '2', '2', '2500', '2', '', 'my house ', '', 'true', 'true', 'true', 'true', 'true', 'true', 'true', 'true', 'true', 'true', 'true', 'true', 'true', 'true', 'true', 'false', 'true', 'true', '', '', '', '', '', '', ''),
(63, 4366, '0', 'New User', '03026294646', '14th - Nov - 2022', 'My house', '', '2', '2', '2500', '2', '', 'my house ', '', 'true', 'true', 'true', 'true', 'true', 'true', 'true', 'true', 'true', 'true', 'true', 'true', 'true', 'true', 'true', 'false', 'true', 'true', '', '', '', '', '', '', ''),
(68, 4366, '0', 'New User', '03026294646', '14th - Nov - 2022', 'My house', '', '2', '2', '2500', '2', '', 'my house ', '', 'true', 'true', 'true', 'true', 'true', 'true', 'true', 'true', 'true', 'true', 'true', 'true', 'true', 'true', 'true', 'false', 'true', 'true', '', '', '', '', '', '', ''),
(73, 4366, '0', 'New User', '03026294646', '14th - Nov - 2022', 'My house', '', '2', '2', '2500', '2', '', 'my house ', '', 'true', 'true', 'true', 'true', 'true', 'true', 'true', 'true', 'true', 'true', 'true', 'true', 'true', 'true', 'true', 'false', 'true', 'true', '', '', '', '', '', '', ''),
(78, 4366, '0', 'New User', '03026294646', '14th - Nov - 2022', 'My house', '', '2', '2', '2500', '2', '', 'my house ', '', 'true', 'true', 'true', 'true', 'true', 'true', 'true', 'true', 'true', 'true', 'true', 'true', 'true', 'true', 'true', 'false', 'true', 'true', '', '', '', '', '', '', ''),
(112, 4370, '3', 'Anas', '03026248410', '14th - Dec - 2022', 'My villa', '', '2', '2', '2', '2', '800', 'Istiklal Street', '', 'true', 'true', 'true', 'false', 'true', 'true', 'true', 'true', 'true', 'true', 'true', 'true', 'true', 'true', 'true', 'true', 'true', 'true', 'I don&#039;t know ', 'In Bedroom', 'autoget', '4.0', '25', '16', 'true'),
(122, 4404, '0', 'Raymundo ', '3', '14th - Jul - 2023', 'mas o menos ', '', '3', '2', '1127', '3', '4', '699 N 7000 w Rd ', '', '', '', '', '', '', '', '', '', '', '', '', '', '', '', '', '', '', '', '', '', '', '', '', '', ''),
(126, 4414, '1', 'jh', '468654', '21st - May - 2024', 'vshdg', '', '66', '99', '9', '99', 'vvh', 'hshhd', '', 'none', 'none', 'none', 'none', 'none', 'none', 'none', 'none', 'none', 'none', 'none', 'none', 'none', 'none', 'none', 'none', 'none', 'none', '', '', 'autoget', '0.0', '', '', 'none'),
(128, 4414, '0', 'Anas', '2131231231', '24th - May - 2024', 'Anum Blessing', '', '', '', '', '', '', 'Malir', '', '', '', '', '', '', '', '', '', '', '', '', '', '', '', '', '', '', '', '', '', '', '', '', '', ''),
(129, 4414, '0', 'fidsaifoas', '5345235235', '1st - Jun - 2024', 'fdasfasdfasdf', '', '', '', '', '', '', 'asdfasdfasdf', '', '', '', '', '', '', '', '', '', '', '', '', '', '', '', '', '', '', '', '', '', '', '', '', '', ''),
(146, 4414, '3', 'Anas Ayub', '3010221312', '14th - Jun - 2024', 'Anum Blessings', '', '4', '4', '120', '1', '1250', 'Baloch Colony PECHS', '', 'true', 'true', 'true', 'true', 'false', 'true', 'false', 'true', 'true', 'true', 'true', 'true', 'true', 'true', 'true', 'false', 'false', 'false', 'No', '', 'autoget', '4.0', '1200', '12', 'true'),
(149, 4454, '1', 'a ', '4698598639', '29th - Aug - 2024', 'distressed ', '', '2', '3', '5', '2', '545455', '123 hu&iacute; ave dalla ', '', 'true', 'true', 'false', 'true', 'true', 'true', 'false', 'false', 'true', 'false', 'false', 'false', 'true', 'true', 'false', 'true', 'true', 'true', '', '', 'autoget', '3.0', '', '', 'true'),
(151, 4405, '1', 'browser', '8189991234', '18th - Sep - 2024', 'single family ', '', '3', '2', '9200', '3', '1700', '8200 merrit rd Rowlett ', '', 'true', 'false', 'false', 'false', 'false', 'false', 'false', 'false', 'true', 'false', 'false', 'true', 'false', 'false', 'true', 'false', 'false', 'false', '', '', 'autoget', '2.0', '', '60', 'false'),
(153, 4405, '0', 'browser', '8189991234', '18th - Sep - 2024', 'single family ', '', '1', '1', '1', '1', '1', '8200 merrit rd Rowlett ', '', '', '', '', '', '', '', '', '', '', '', '', '', '', '', '', '', '', '', '', '', '', '', '', '', ''),
(154, 4405, '0', 'Anas', '123', '19th - Sep - 2024', 'Anas', '', '1', '1', '1', '1', '123', 'shah faisal', '', '', '', '', '', '', '', '', '', '', '', '', '', '', '', '', '', '', '', '', '', '', '', '', '', ''),
(155, 4405, '1', 'Anas', '123', '26th - Sep - 2024', 'Anas', '', '1', '1', '1', '1', '123', 'shah faisal', '', 'none', 'none', 'none', 'false', 'false', 'none', 'false', 'none', 'none', 'none', 'none', 'none', 'none', 'false', 'true', 'false', 'false', 'false', '', '', 'autoget', '4.0', '', '1', 'true'),
(156, 4405, '0', 'Anas', '123', '27th - Sep - 2024', 'Anas', '', '', '', '', '', '', 'shah faisal', '', '', '', '', '', '', '', '', '', '', '', '', '', '', '', '', '', '', '', '', '', '', '', '', '', ''),
(157, 4405, '1', 'Anas', '123', '27th - Sep - 2024', 'Anas', '', '4', '3', '1', '3', '42', 'shah faisal', '', 'none', 'none', 'none', 'none', 'true', 'none', 'none', 'none', 'none', 'none', 'none', 'none', 'none', 'none', 'none', 'true', 'true', 'true', '', '', 'autoget', '4.0', '', '1', 'true'),
(158, 4405, '0', 'Anas', '123', '27th - Sep - 2024', 'Anas', '', '', '', '', '', '', 'shah faisal', '', '', '', '', '', '', '', '', '', '', '', '', '', '', '', '', '', '', '', '', '', '', '', '', '', ''),
(159, 4405, '0', 'Anas', '123', '27th - Sep - 2024', 'Anas', '', '', '', '', '', '', 'fasdfasfasdf', '', '', '', '', '', '', '', '', '', '', '', '', '', '', '', '', '', '', '', '', '', '', '', '', '', ''),
(160, 4405, '0', 'Anas', '123', '27th - Sep - 2024', 'Anas', '', '', '', '', '', '', 'fasdfasfasdf', '', '', '', '', '', '', '', '', '', '', '', '', '', '', '', '', '', '', '', '', '', '', '', '', '', ''),
(161, 4405, '0', 'Anas', '123', '27th - Sep - 2024', 'Anas', '', '', '', '', '', '', 'fasdfasfasdf', '', '', '', '', '', '', '', '', '', '', '', '', '', '', '', '', '', '', '', '', '', '', '', '', '', ''),
(162, 4405, '0', 'Anas', '123', '27th - Sep - 2024', 'Anas', '', '', '', '', '', '', 'fasdfasfasdf', '', '', '', '', '', '', '', '', '', '', '', '', '', '', '', '', '', '', '', '', '', '', '', '', '', ''),
(163, 4405, '0', 'Anas', '123', '27th - Sep - 2024', 'Anas', '', '', '', '', '', '', 'fasdfasfasdf', '', '', '', '', '', '', '', '', '', '', '', '', '', '', '', '', '', '', '', '', '', '', '', '', '', ''),
(164, 4405, '0', 'Anas', '123', '27th - Sep - 2024', 'Anas', '', '', '', '', '', '', 'fasdfasfasdf', '', '', '', '', '', '', '', '', '', '', '', '', '', '', '', '', '', '', '', '', '', '', '', '', '', ''),
(165, 4405, '0', 'Anas', '123', '27th - Sep - 2024', 'Anas', '', '', '', '', '', '', 'fasdfasfasdf', '', '', '', '', '', '', '', '', '', '', '', '', '', '', '', '', '', '', '', '', '', '', '', '', '', ''),
(166, 4405, '0', 'Anas', '123', '27th - Sep - 2024', 'Anas', '', '', '', '', '', '', 'fasdfasfasdf', '', '', '', '', '', '', '', '', '', '', '', '', '', '', '', '', '', '', '', '', '', '', '', '', '', ''),
(167, 4405, '0', 'Anas', '123', '27th - Sep - 2024', 'Anas', '', '', '', '', '', '', 'fasdfasfasdf', '', '', '', '', '', '', '', '', '', '', '', '', '', '', '', '', '', '', '', '', '', '', '', '', '', ''),
(168, 4405, '0', 'Anas', '123', '27th - Sep - 2024', 'Anas', '', '', '', '', '', '', 'fasdfasfasdf', '', '', '', '', '', '', '', '', '', '', '', '', '', '', '', '', '', '', '', '', '', '', '', '', '', ''),
(169, 4405, '0', 'Anas', '123', '27th - Sep - 2024', 'Anas', '', '', '', '', '', '', 'fasdfasfasdf', '', '', '', '', '', '', '', '', '', '', '', '', '', '', '', '', '', '', '', '', '', '', '', '', '', ''),
(170, 4405, '0', 'Anas', '123', '27th - Sep - 2024', 'Anas', '', '', '', '', '', '', 'fasdfasfasdf', '', '', '', '', '', '', '', '', '', '', '', '', '', '', '', '', '', '', '', '', '', '', '', '', '', ''),
(171, 4405, '0', 'Anasa', '123', '27th - Sep - 2024', 'Anas', '', '', '', '', '', '', 'fasdfasfasdf', '', '', '', '', '', '', '', '', '', '', '', '', '', '', '', '', '', '', '', '', '', '', '', '', '', ''),
(172, 4405, '0', 'Anasa', '123', '27th - Sep - 2024', 'Anas', '', '', '', '', '', '', 'fasdfasfasdf', '', '', '', '', '', '', '', '', '', '', '', '', '', '', '', '', '', '', '', '', '', '', '', '', '', ''),
(173, 4405, '0', 'Anasa', '123', '27th - Sep - 2024', 'Anasaa', '', '', '', '', '', '', 'fasdfasfasdf', '', '', '', '', '', '', '', '', '', '', '', '', '', '', '', '', '', '', '', '', '', '', '', '', '', ''),
(174, 4405, '0', 'Anasa', '123', '27th - Sep - 2024', 'Anasaa', '', '', '', '', '', '', 'fasdfasfasdf', '', '', '', '', '', '', '', '', '', '', '', '', '', '', '', '', '', '', '', '', '', '', '', '', '', ''),
(175, 4405, '0', 'Anasa', '123', '27th - Sep - 2024', 'Anasaa', '', '', '', '', '', '', 'fasdfasfasdf', '', '', '', '', '', '', '', '', '', '', '', '', '', '', '', '', '', '', '', '', '', '', '', '', '', ''),
(176, 4405, '1', 'Anasa', '123', '27th - Sep - 2024', 'Anasaa', '', '', '', '', '', '', 'fasdfasfasdf', '', '', '', '', '', '', '', '', '', '', '', '', '', '', '', '', '', '', '', '', '', 'autoget', '0.0', '', '1', 'none'),
(177, 4405, '1', 'Anasa', '123', '27th - Sep - 2024', 'Anasaa', '', '213', '1234', '21', '1234', '2134142', 'fasdfasfasdf', '', 'none', 'none', 'none', 'none', 'true', 'none', 'none', 'none', 'none', 'none', 'none', 'none', 'none', 'none', 'none', 'false', 'true', 'true', '', '', 'autoget', '0.0', '', '1', 'true'),
(178, 4405, '0', 'Anasa', '123', '27th - Sep - 2024', 'Anasaa', '', '213', '1234', '21', '1234', '2134142', 'fasdfasfasdf', '', 'none', 'none', 'none', 'none', 'true', 'none', 'none', 'none', 'none', 'none', 'none', 'none', 'none', 'none', 'none', 'false', 'true', 'true', '', '', '', '', '', '', ''),
(179, 4405, '0', 'Anasa', '123', '27th - Sep - 2024', 'Anasaa', '', '', '', '', '', '', 'fasdfasfasdf', '', '', '', '', '', '', '', '', '', '', '', '', '', '', '', '', '', '', '', '', '', '', '', '', '', ''),
(181, 4405, '0', 'Anasa', '123', '28th - Sep - 2024', 'Anasaa', '', '', '', '', '', '', 'fasdfasfasdf', '', '', '', '', '', '', '', '', '', '', '', '', '', '', '', '', '', '', '', '', '', '', '', '', '', ''),
(183, 4405, '1', 'ANas', '132312132', '28th - Sep - 2024', 'Anum blessings', '', '2', '2', '2', '2', '1231', 'asdasda das das', '', 'none', 'none', 'none', 'none', 'none', 'none', 'none', 'none', 'none', 'none', 'none', 'none', 'none', 'none', 'none', 'none', 'none', 'none', '', '', 'autoget', '0.0', '', '1', 'none'),
(185, 4405, '1', 'awdsa', '123123', '3rd - Oct - 2024', 'asdas', '', '21312', '12312', '12321', '123', '3123', 'asda sdasd as', '', 'none', 'none', 'none', 'none', 'false', 'none', 'none', 'none', 'none', 'none', 'none', 'none', 'none', 'none', 'none', 'none', 'false', 'false', '', '', 'autoget', '0.0', '', '1', 'none'),
(186, 4405, '1', 'awdsa', '123123', '4th - Oct - 2024', 'asdas', '', '', '', '', '', '', 'asda sdasd as', '', '', '', '', '', '', '', '', '', '', '', '', '', '', '', '', '', '', '', '', '', 'autoget', '0.0', '', '1', 'none'),
(188, 4405, '1', 'me', '969', '10th - Mar - 2025', 'bsnsb', '', '649', '97', '2', '6', '7967', 'hhdjd', '', 'false', 'false', 'false', 'true', 'true', 'false', 'true', 'false', 'false', 'false', 'false', 'false', 'false', 'true', 'true', 'true', 'true', 'true', '', '', 'autoget', '2.0', '', '30', 'true'),
(190, 4462, '1', 'John', '123456789', '7th - Apr - 2025', '425 Vine St #301, Sattle', '', '2 Bedrooms', '2 Bathroom', '1205 Sq. Ft', '2', '1205 Sq. Ft', '730 Hillsadle Avenue East - Toronto, ON', '', 'true', 'true', 'true', 'true', 'true', 'true', 'true', 'true', 'true', 'true', 'true', 'true', 'true', 'true', 'true', 'true', 'true', 'true', 'sdsdddfdf', 'dfdfdfdf', 'autoget', '0.0', '2000', '3', 'false'),
(193, 4462, '0', 'John', '123456789', '8th - Apr - 2025', 'Sunset View Manor', '', '', '', '', '', '', '730 Hillsadle Avenue East - Toronto, ONThe Skyline Residences', '', 'true', 'true', 'true', 'true', 'true', 'true', 'true', 'true', 'true', 'true', 'true', 'true', 'true', 'true', 'true', 'true', 'true', 'true', '', '', '', '', '', '', ''),
(199, 4462, '1', 'John', '123456789', '8th - Apr - 2025', 'Sunset View Manor', '', '2', '2', '580 ft', '2', '1205 Sq. Ft', '730 Hillsadle Avenue East - Toronto, ON', '', 'true', 'true', 'true', 'true', 'true', 'true', 'true', 'true', 'true', 'true', 'true', 'true', 'true', 'true', 'true', 'true', 'true', 'true', 'This cozy 3-bedroom, 2-bathroom home features a sp', 'This cozy 3-bedroom, 2-bathroom home features a spacious living room, modern kitchen with stainless steel appliances, and a private backyard. The master bedroom has an en-suite bathroom and walk-in closet. With a 2-car garage and central air conditioning,', 'autoget', '0.0', '2000', '5', 'true'),
(201, 4462, '1', 'John', '123456789', '8th - Apr - 2025', 'Sunset View Manor', '', '2', '2', '580 ft', '2', '1205 Sq. Ft', '730 Hillsadle Avenue East - Toronto, ON', '', 'true', 'true', 'true', 'true', 'true', 'true', 'true', 'true', 'true', 'false', 'true', 'true', 'true', 'true', 'true', 'true', 'true', 'true', 'dsdssd', 'sdsdsdsdd', 'autoget', '0.0', '2000', '5', 'true'),
(205, 4462, '1', 'John', '123456789', '11th - Apr - 2025', 'Arcade X', '', '2', '3', '580 ft', '2', '1205 Sq. Ft', '425 Vine St #301, Sattle', '', 'true', 'true', 'true', 'true', 'true', 'true', 'true', 'true', 'true', 'true', 'true', 'true', 'true', 'true', 'true', 'true', 'true', 'true', 'nmnmmnnmmnm', 'dsdsdfdfdfdfdd', 'autoget', '0.0', '2000', '5', 'true'),
(206, 4462, '0', 'John', '123456789', '11th - Apr - 2025', 'Arcade X', '', '', '', '', '', '', '425 Vine St #301, Sattle', '', '', '', '', '', '', '', '', '', '', '', '', '', '', '', '', '', '', '', '', '', '', '', '', '', ''),
(208, 4462, '1', 'John', '123456789', '11th - Apr - 2025', 'Arcade X', '', '2', '3', '580', '2', '1205 Sq. Ft', '425 Vine St #301, Sattle,', '', 'true', 'true', 'true', 'true', 'true', 'true', 'true', 'true', 'true', 'true', 'true', 'true', 'true', 'true', 'true', 'true', 'true', 'true', 'msddssdsddsdss', ' ssdsdsdsddsds', 'autoget', '0.0', '2000', '5', 'true'),
(209, 4462, '1', 'John', '123456789', '11th - Apr - 2025', 'Arcade X', '', '2', '3', '580 ft', '2', '1205 Sq. Ft', '425 Vine St #301, Sattle,', '', 'true', 'true', 'true', 'true', 'true', 'true', 'true', 'true', 'true', 'true', 'true', 'true', 'true', 'true', 'true', 'true', 'true', 'true', 'nnnnbnb', ' mdfmfdmfndm', 'autoget', '0.0', '20000', '5', 'true'),
(210, 4462, '1', 'John', '123456789', '11th - Apr - 2025', 'Arcade X', '', '2', '2', '580 ft', '2', '1205 Sq. Ft', '730 Hillsadle Avenue East - Toronto, ON,', '', 'true', 'true', 'true', 'true', 'true', 'true', 'true', 'true', 'true', 'true', 'true', 'true', 'true', 'true', 'true', 'true', 'true', 'true', 'nsmndsmnmdnmd', 'dsmndsmndsmndmnsmdns', 'autoget', '0.0', '200', '5', 'true'),
(211, 4462, '1', 'John', '123456789', '11th - Apr - 2025', 'Property', '', '2', '2', '580 ft', '2', '1205 Sq. Ft', '730 Hillsadle Avenue East - Toronto, ON,', '', 'true', 'true', 'true', 'true', 'true', 'true', 'true', 'true', 'true', 'true', 'true', 'true', 'true', 'true', 'true', 'true', 'true', 'true', 'dsdsdsdsds', 'dsdsdsdsdsdsd', 'autoget', '0.0', '2000', '5', 'true'),
(212, 4462, '1', 'John', '123456789', '11th - Apr - 2025', 'Property', '', '2', '2', '500 ft', '2', '1280 Sq. Ft', '730 Hillsadle Avenue East - Toronto, ON,', '', 'true', 'true', 'true', 'true', 'true', 'true', 'true', 'true', 'true', 'true', 'true', 'true', 'true', 'true', 'true', 'true', 'true', 'true', 'sddsds', 'sdsdss', 'autoget', '0.0', '2000', '5', 'true'),
(213, 4405, '1', 'mike', '123456789', '12th - Apr - 2025', 'house commercial  land or other', '', '1', '1', '1', '1', '1080', '113 main st', '', 'false', 'false', 'false', 'false', 'false', 'false', 'false', 'true', 'false', 'false', 'false', 'true', 'false', 'false', 'false', 'false', 'false', 'false', '', '', 'autoget', '0.0', '', '3', 'false'),
(214, 4462, '1', 'John', '123456789', '14th - Apr - 2025', '', '', '1', '1', '100', '1', '1080', '113 main st', '', 'true', 'none', 'true', 'true', 'true', 'true', 'true', 'true', 'true', 'true', 'true', 'true', 'true', 'true', 'true', 'true', 'true', 'true', 'ddsdsaddsd', 'dsasdsdsdsadsds', 'autoget', '0.0', '', '5', 'true'),
(215, 4462, '1', 'John', '123456789', '14th - Apr - 2025', '', '', '1', '1', '100 sq ft', '1', '1080 sq ft', '123 main st', '', 'true', 'true', 'true', 'true', 'true', 'true', 'true', 'true', 'true', 'true', 'true', 'true', 'true', 'true', 'true', 'true', 'true', 'true', 'sdsdassdasdasdsdsdsds', 'sadsadsdsadasdadsdasdsdsadadsd', 'autoget', '0.0', '200', '5', 'true'),
(216, 4462, '1', 'John', '123456789', '14th - Apr - 2025', '', '', '1', '1', '100 sq ft', '1', '1080 sq ft', 'main st 123', '', 'true', 'true', 'true', 'true', 'true', 'true', 'true', 'true', 'true', 'true', 'true', 'true', 'true', 'true', 'true', 'true', 'true', 'true', 'Lorem Ipsum is simply dummy text of the printing a', 'Lorem ipsum dolor sit amet, consectetur adipiscing elit. Cras bibendum nisl ac venenatis pretium. Curabitur ultricies et nisl non commodo. Nunc fringilla mi enim, vitae posuere velit condimentum eu. Quisque sem nibh, imperdiet sed faucibus eu, pulvinar ve', 'autoget', '0.0', '200', '5', 'true'),
(217, 4462, '0', 'john', '123456789', '14th - Apr - 2025', 'Commercial Land', '', '', '', '', '', '', 'main 123 st', '', '', '', '', '', '', '', '', '', '', '', '', '', '', '', '', '', '', '', '', '', '', '', '', '', ''),
(218, 4462, '1', 'Mike', '123456789', '14th - Apr - 2025', 'Commercial Land', '', '1', '1', '120', '1', '1200', '123 main st', '', 'true', 'true', 'true', 'true', 'true', 'true', 'true', 'true', 'true', 'true', 'true', 'true', 'true', 'true', 'true', 'true', 'true', 'true', 'Lorem Ipsum is simply dummy text of the printing a', 'Lorem ipsum dolor sit amet, consectetur adipiscing elit. Cras bibendum nisl ac venenatis pretium. Curabitur ultricies et nisl non commodo. Nunc fringilla mi enim, vitae posuere velit condimentum eu. Quisque sem nibh, imperdiet sed faucibus eu, pulvinar ve', 'autoget', '0.0', '2000', '5', 'true'),
(219, 4462, '0', 'Mike', '112312321', '16th - Apr - 2025', 'Villa', '', '123', '12', '123', '12', '23123', 'shah Faisal colony no 3', '', 'true', 'true', 'true', 'true', 'true', 'true', 'true', 'true', 'true', 'true', 'true', 'true', 'true', 'true', 'true', 'true', 'true', 'true', '', '', '', '', '', '', ''),
(220, 4462, '1', 'Mike', '112312321', '16th - Apr - 2025', 'Villa', '', '12', '12', '12', '12', '12321', 'shah Faisal colony no 3, Rana Villas', '', 'true', 'true', 'true', 'true', 'true', 'true', 'true', 'true', 'true', 'true', 'true', 'true', 'true', 'true', 'true', 'true', 'true', 'true', 'this is me ', ' nkas dnk asd ask David aksd', 'autoget', '0.0', '12', '1', 'none'),
(221, 4462, '0', 'aSASD', '123', '16th - Apr - 2025', 'Villa', '', '', '', '', '', '', 'ASD', '', '', '', '', '', '', '', '', '', '', '', '', '', '', '', '', '', '', '', '', '', '', '', '', '', ''),
(223, 4405, '1', '123', '1539', '16th - Apr - 2025', 'Apartment', '', '258', '580', '258', '38', '58', '13t', '', 'true', 'none', 'true', 'none', 'none', 'false', 'none', 'false', 'none', 'false', 'false', 'true', 'false', 'none', 'none', 'none', 'none', 'none', '', '', 'autoget', '0.0', '', '1', 'none'),
(224, 4462, '0', 'Anas', '123123123', '17th - Apr - 2025', 'Lot/Land', '', '12', '1', '1', '1', '12321', '12', '', 'true', 'true', 'true', 'true', 'false', 'true', 'true', 'true', 'true', 'true', 'true', 'true', 'true', 'false', 'true', 'true', 'false', 'false', '', '', '', '', '', '', ''),
(225, 4462, '1', 'John', '1234567890', '17th - Apr - 2025', 'Residential', '', '1', '1', '120', '1', '1080', 'main 123 st', '', 'true', 'true', 'true', 'true', 'true', 'true', 'true', 'true', 'true', 'true', 'true', 'true', 'true', 'true', 'true', 'true', 'true', 'true', 'Lorem Ipsum is simply dummy text of the printing a', 'Lorem ipsum dolor sit amet, consectetur adipiscing elit. Nam rhoncus, sem a fermentum ultricies, sapien turpis convallis libero, ut consectetur odio quam non nisi. Aenean commodo metus in orci lobortis, ut efficitur erat hendrerit. Ut venenatis mi eu sem ', 'autoget', '0.0', '200', '1', 'true'),
(226, 4462, '0', 'john', '1234567890', '17th - Apr - 2025', 'Residential', '', '1', '1', '120', '1', '1080', '123 main st', '', '', '', '', '', '', '', '', '', '', '', '', '', '', '', '', '', '', '', '', '', '', '', '', '', ''),
(227, 4462, '1', 'john', '1234567890', '17th - Apr - 2025', 'Residential', '', '1', '1', '100', '1', '1080', '123 main st', '', 'true', 'true', 'true', 'true', 'true', 'true', 'true', 'true', 'true', 'true', 'true', 'true', 'true', 'true', 'true', 'true', 'true', 'true', 'Lorem ipsum dolor sit amet, consectetur adipiscing', 'Contrary to popular belief, Lorem Ipsum is not simply random text. It has roots in a piece of classical Latin literature from 45 BC, making it over 2000 years old. Richard McClintock, a Latin professor at Hampden-Sydney College in Virginia, looked up one ', 'autoget', '0.0', '200', '5', 'true'),
(228, 4462, '1', 'john', '123456789', '17th - Apr - 2025', 'Residential', '', '1', '1', '100', '1', '1080', '123 main st', '', 'true', 'true', 'true', 'true', 'true', 'true', 'true', 'true', 'true', 'true', 'true', 'true', 'true', 'true', 'true', 'true', 'true', 'true', 'Contrary to popular belief, Lorem Ipsum is not sim', 'Lorem ipsum dolor sit amet, consectetur adipiscing elit. Phasellus semper, lacus quis rhoncus tristique, odio risus accumsan metus, et porta lorem ante eu quam. Nullam ut imperdiet magna, sed finibus risus. In hac habitasse platea dictumst. Cras nunc tell', 'autoget', '0.0', '200', '5', 'true'),
(229, 4462, '1', 'john', '123456789', '17th - Apr - 2025', 'Residential', '', '1', '1', '100', '1', '1080', 'main st 123', '', 'true', 'true', 'true', 'true', 'true', 'true', 'true', 'true', 'true', 'true', 'true', 'true', 'true', 'true', 'true', 'true', 'true', 'true', 'Lorem ipsum dolor sit amet, consectetur adipiscing', 'Contrary to popular belief, Lorem Ipsum is not simply random text. It has roots in a piece of classical Latin literature from 45 BC, making it over 2000 years', 'autoget', '0.0', '2000', '5', 'true'),
(230, 4462, '1', 'john', '123456789', '17th - Apr - 2025', 'Residential', '', '1', '1', '100', '1', '1080', 'main st 123', '', 'true', 'true', 'true', 'true', 'true', 'true', 'true', 'true', 'true', 'true', 'true', 'true', 'true', 'true', 'true', 'true', 'true', 'true', 'Contrary to popular belief, Lorem Ipsum is not sim', 'Lorem ipsum dolor sit amet, consectetur adipiscing elit. Sed in diam eget leo euismod tempor vel ac augue. In faucibus auctor sollicitudin. Integer sed lectus nisi. Nulla laoreet, magna at eleifend interdum, augue mauris malesuada magna, semper fringilla ', 'autoget', '0.0', '200', '1', 'true'),
(231, 4462, '0', 'john', '123456789', '17th - Apr - 2025', 'Residential', '', '1', '1', '1000', '1', '1000', 'main 123 st', '', 'none', 'false', 'none', 'none', 'true', 'none', 'none', 'none', 'none', 'false', 'false', 'none', 'false', 'none', 'none', 'true', 'none', 'none', '', '', '', '', '', '', ''),
(232, 4462, '1', 'john', '123456789', '17th - Apr - 2025', 'Residential', '', '1', '1', '100', '1', '1080', 'main 123 st', '', 'false', 'false', 'true', 'true', 'true', 'true', 'true', 'false', 'true', 'false', 'false', 'true', 'true', 'true', 'true', 'true', 'true', 'true', '', '', 'autoget', '0.0', '', '5', 'none'),
(233, 4462, '1', 'john', '123456789', '18th - Apr - 2025', 'Residential', '', '1', '1', '100', '1', '1080', 'main 123 st', '', 'true', 'true', 'true', 'true', 'true', 'true', 'true', 'true', 'true', 'true', 'true', 'true', 'true', 'true', 'true', 'true', 'true', 'true', 'orem Ipsum is simply dummy text of the printing an', 'Lorem ipsum dolor sit amet, consectetur adipiscing elit. Suspendisse eget pharetra leo, nec rhoncus arcu. Cras tincidunt malesuada metus. Nunc placerat, justo sollicitudin volutpat rhoncus, ligula est tempus justo, in ornare diam lacus in lorem. Nunc frin', 'autoget', '0.0', '2000', '5', 'none'),
(234, 4462, '1', 'john', '123456789', '18th - Apr - 2025', 'Residential', '', '1', '1', '100', '1', '1080', 'main 123 st', '', 'true', 'true', 'true', 'true', 'true', 'true', 'true', 'true', 'true', 'true', 'true', 'true', 'true', 'true', 'true', 'true', 'true', 'true', 'Lorem ipsum dolor sit amet, consectetur adipiscing', 'Contrary to popular belief, Lorem Ipsum is not simply random text. It has roots in a piece of classical Latin literature from 45 BC, making it over 2000 years old. Richard McClintock, a Latin professor at Hampden-Sydney College in Virginia, ', 'autoget', '0.0', '2000', '5', 'none'),
(235, 4462, '1', 'john', '123456789', '18th - Apr - 2025', 'Residential', '', '1', '1', '100', '1', '1080', 'main 123 st', '', 'true', 'true', 'true', 'true', 'true', 'true', 'true', 'true', 'true', 'true', 'true', 'true', 'true', 'true', 'true', 'true', 'true', 'true', 'Contrary to popular belief, Lorem Ipsum is not sim', 'The standard chunk of Lorem Ipsum used since the 1500s is reproduced below for those interested. Sections 1.10.32 and 1.10.33 from &quot;de Finibus Bonorum et Malorum&quot; by Cicero are also reproduced in their exact original form, accompanied by English', 'autoget', '0.0', '2000', '5', 'none'),
(236, 4462, '1', 'john', '123456789', '18th - Apr - 2025', 'Residential', '', '1', '1', '100', '1', '1080', 'main 123 st', '', 'true', 'true', 'true', 'true', 'true', 'true', 'true', 'true', 'true', 'true', 'true', 'true', 'true', 'true', 'true', 'true', 'true', 'true', 'The standard chunk of Lorem Ipsum used since the 1', 'Lorem ipsum dolor sit amet, consectetur adipiscing elit. Integer non nibh lacinia purus consectetur pellentesque ut eu enim. Nam eget tortor non est lobortis fringilla et non nunc. Pellentesque tempus maximus sapien pellentesque hendrerit. Curabitur vel e', 'autoget', '0.0', '2000', '5', 'none'),
(237, 4462, '1', 'john', '123456789', '18th - Apr - 2025', 'Residential', '', '1', '1', '100', '1', '1080', 'main 123 st', '', 'true', 'true', 'true', 'true', 'true', 'true', 'true', 'true', 'true', 'true', 'true', 'true', 'true', 'true', 'true', 'true', 'true', 'true', 'Lorem ipsum dolor sit amet, consectetur adipiscing', 'Curabitur elementum turpis eu sollicitudin iaculis. Quisque at est ut libero pharetra cursus. Etiam eget libero malesuada, maximus nulla nec, pretium felis. Mauris scelerisque blandit sem sed laoreet. Donec finibus dapibus nisi eu faucibus. Quisque rhoncu', 'autoget', '0.0', '200', '5', 'none'),
(238, 4462, '1', 'Anas', '123123123', '18th - Apr - 2025', 'Commercial', '', '123', '1', '12', '12', '12312', '12, adas', '', 'false', 'true', 'true', 'true', 'false', 'false', 'true', 'true', 'false', 'false', 'false', 'true', 'false', 'true', 'false', 'true', 'true', 'true', '', '', 'autoget', '0.0', '200', '1', 'none'),
(239, 4462, '1', 'Hey', '123123213', '18th - Apr - 2025', 'Commercial', '', '1', '2', '12213', '2', '12321', '12', '', 'true', 'true', 'true', 'true', 'true', 'true', 'true', 'true', 'false', 'true', 'true', 'true', 'true', 'true', 'true', 'true', 'true', 'true', 'asd asdas ', '1asdasd', 'autoget', '0.0', '123', '2', 'none'),
(240, 4462, '1', 'Anasd', '123123', '18th - Apr - 2025', 'Residential', '', '12', '12', '121', '12', '12312', '12312', '', 'true', 'true', 'true', 'true', 'true', 'true', 'true', 'true', 'true', 'true', 'true', 'true', 'true', 'false', 'true', 'true', 'false', 'false', 'asdas ', 'ads asdas d as', 'autoget', '0.0', '1231', '1', 'none'),
(241, 4462, '1', 'Anas', '123', '18th - Apr - 2025', 'Multi Family', '', '2', '2', '12321312', '12', '23123', 'shah Faisal colony ', '', 'false', 'false', 'false', 'true', 'true', 'false', 'true', 'false', 'false', 'false', 'false', 'false', 'false', 'true', 'true', 'true', 'true', 'true', '', '', 'autoget', '0.0', '', '2', 'none'),
(242, 4462, '1', 'Anas', '123123', '18th - Apr - 2025', 'Residential', '', '1', '1', '123', '2', '123', 'PLT s1', '', 'false', 'false', 'false', 'false', 'true', 'false', 'false', 'false', 'false', 'false', 'false', 'false', 'false', 'false', 'false', 'true', 'true', 'true', '', '', 'autoget', '0.0', '', '3', 'none'),
(243, 4462, '1', 'Anas Ayub', '2132131', '28th - Apr - 2025', 'Residential', '', '2', '2', '123123', '2', '12312', '33', '', 'true', 'true', 'true', 'false', 'false', 'true', 'true', 'false', 'true', 'true', 'true', 'false', 'true', 'true', 'false', 'true', 'true', 'true', 'asd asd asd', 'asd asd asd ', 'autoget', '0.0', '12312', '1', 'none'),
(244, 4462, '0', 'asd', '23', '28th - Apr - 2025', 'Residential', '', '2', '2', '123', '4', '123', '123', '', 'true', 'true', 'true', 'false', 'true', 'true', 'false', 'true', 'true', 'false', 'false', 'true', 'true', 'true', 'false', 'false', 'true', 'true', '', '', '', '', '', '', ''),
(245, 4462, '0', 'asd', '23', '28th - Apr - 2025', 'Lot/Land', '', '123', '123', '122', '123', '221', '123', '', 'true', 'false', 'true', 'true', 'false', 'true', 'true', 'true', 'true', 'true', 'true', 'true', 'true', 'false', 'true', 'true', 'false', 'false', '', '', '', '', '', '', ''),
(246, 4462, '0', 'Adas', '12321312', '28th - Apr - 2025', 'Residential', '', '2', '2', '123', '2', '123', '123', '', 'false', 'false', 'false', 'false', 'true', 'false', 'false', 'false', 'false', 'false', 'false', 'false', 'false', 'false', 'false', 'false', 'false', 'false', '', '', '', '', '', '', ''),
(247, 4462, '0', 'Developer', '31312321', '28th - Apr - 2025', 'Multi Family', '', '2', '2', '150', '4', '12321', '1231', '', 'false', 'false', 'false', 'true', 'false', 'false', 'false', 'false', 'false', 'false', 'false', 'false', 'false', 'false', 'false', 'true', 'true', 'true', '', '', '', '', '', '', ''),
(248, 4462, '0', 'Anas', '123123', '29th - Apr - 2025', 'Residential', '', '2', '2', '22', '4', '123123', 'asdasdasdas', '', 'false', 'false', 'false', 'false', 'false', 'false', 'false', 'false', 'false', 'false', 'false', 'false', 'false', 'false', 'false', 'true', 'false', 'false', '', '', '', '', '', '', ''),
(249, 4462, '1', 'Anas', '301012321', '2nd - May - 2025', 'Commercial', '68145dced4ea3_PropertyAgreement1746165197043135.pdf', '2', '2', '123', '123', '123', '1232', '', 'false', 'false', 'false', 'false', 'false', 'false', 'false', 'false', 'false', 'false', 'false', 'false', 'false', 'false', 'false', 'false', 'false', 'false', '', '', 'autoget', '0.0', '', '1', 'none'),
(250, 4462, '1', 'Anas', '12312', '2nd - May - 2025', 'Residential', '6814630542c33_PropertyAgreement1746166531952265.pdf', '2', '2', '1212', '2', '1231', '123', '', 'false', 'false', 'false', 'false', 'false', 'false', 'false', 'false', 'false', 'false', 'false', 'false', 'false', 'false', 'false', 'false', 'false', 'false', '', '', 'autoget', '0.0', '', '1', 'none'),
(251, 4405, '1', 'Anas', '1232132', '3rd - May - 2025', 'Multi Family', '6815a6ddc9ac8_PropertyAgreement1746249436942492.pdf', '2', '2', '2999', '2', '2999', 'shah Faisal ', '', 'false', 'false', 'false', 'false', 'false', 'false', 'false', 'false', 'false', 'false', 'false', 'false', 'false', 'false', 'false', 'false', 'false', 'false', '', '', 'autoget', '0.0', '', '5', 'none'),
(252, 4405, '1', 'New Owner', '123213', '3rd - May - 2025', 'Lot/Land', '6815a7fce0d4a_PropertyAgreement1746249723764412.pdf', '2', '2', '288', '2', '123123', 'asda das das das asd asd sad ', '', 'false', 'false', 'false', 'false', 'false', 'false', 'false', 'false', 'false', 'false', 'false', 'false', 'false', 'false', 'false', 'false', 'false', 'false', '', '', 'autoget', '0.0', '', '2', 'none');

-- --------------------------------------------------------

--
-- Table structure for table `notifications`
--

CREATE TABLE `notifications` (
  `id` int(11) NOT NULL,
  `noti_title` varchar(255) NOT NULL,
  `noti_subtitle` varchar(255) NOT NULL,
  `noti_type` varchar(255) NOT NULL,
  `user_id` varchar(100) NOT NULL,
  `prop_id` varchar(255) NOT NULL
) ENGINE=MyISAM DEFAULT CHARSET=latin1 COLLATE=latin1_swedish_ci;

-- --------------------------------------------------------

--
-- Table structure for table `roles`
--

CREATE TABLE `roles` (
  `id` int(11) NOT NULL,
  `role` varchar(50) NOT NULL
) ENGINE=InnoDB DEFAULT CHARSET=utf8mb3 COLLATE=utf8mb3_unicode_ci;

--
-- Dumping data for table `roles`
--

INSERT INTO `roles` (`id`, `role`) VALUES
(1, 'admin'),
(2, 'user'),
(3, 'expert');

-- --------------------------------------------------------

--
-- Table structure for table `seo`
--

CREATE TABLE `seo` (
  `id` int(11) NOT NULL,
  `title` varchar(255) NOT NULL,
  `page_link` varchar(255) NOT NULL,
  `tag` text NOT NULL,
  `descc` text NOT NULL
) ENGINE=InnoDB DEFAULT CHARSET=utf8mb4 COLLATE=utf8mb4_general_ci;

--
-- Dumping data for table `seo`
--

INSERT INTO `seo` (`id`, `title`, `page_link`, `tag`, `descc`) VALUES
(1, 'Home', 'index', '', 'PCFET0NUWVBFIGh0bWw+XFxyXFxuPGh0bWw+XFxyXFxuPGhlYWQ+XFxyXFxuPC9oZWFkPlxcclxcbjxib2R5Pg0KDQo8L2JvZHk+XFxyXFxuPC9odG1sPg=='),
(6, 'About', 'about', '', ''),
(8, 'Blog', 'blogs', '', ''),
(9, 'Blog Detail', 'blog-details', '', ''),
(10, 'Contact', 'contact', '', 'PCFET0NUWVBFIGh0bWw+XHJcbjxodG1sPlxyXG48aGVhZD5cclxuPC9oZWFkPlxyXG48Ym9keT4NCg0KPC9ib2R5PlxyXG48L2h0bWw+'),
(12, 'Mentor', 'mentor', '', 'bWVudG9y'),
(13, 'About', 'about', '', 'PCFET0NUWVBFIGh0bWw+DQo8aHRtbD4NCjxoZWFkPg0KPC9oZWFkPg0KPGJvZHk+DQo8cD5BYm91dDwvcD4NCjwvYm9keT4NCjwvaHRtbD4=');

-- --------------------------------------------------------

--
-- Table structure for table `settings`
--

CREATE TABLE `settings` (
  `id` int(11) NOT NULL,
  `website_name` varchar(255) NOT NULL,
  `website_email` varchar(255) NOT NULL,
  `website_favicon` varchar(255) NOT NULL,
  `website_logo` varchar(255) NOT NULL,
  `website_phone` varchar(50) NOT NULL,
  `website_address` text NOT NULL,
  `fb_link` varchar(255) NOT NULL,
  `ins_link` varchar(255) NOT NULL,
  `twitter_link` varchar(255) NOT NULL,
  `linkedin_link` varchar(255) NOT NULL,
  `youtube_link` varchar(255) NOT NULL,
  `pinterest_link` varchar(255) NOT NULL,
  `whatsapp_number` varchar(50) NOT NULL,
  `url` text NOT NULL
) ENGINE=InnoDB DEFAULT CHARSET=utf8mb4 COLLATE=utf8mb4_general_ci;

--
-- Dumping data for table `settings`
--

INSERT INTO `settings` (`id`, `website_name`, `website_email`, `website_favicon`, `website_logo`, `website_phone`, `website_address`, `fb_link`, `ins_link`, `twitter_link`, `linkedin_link`, `youtube_link`, `pinterest_link`, `whatsapp_number`, `url`) VALUES
(1, 'Luna Enterprises', 'Lunaenterprises.jl@gmail.com', '111020221418106500664-min-min.png', 'logo.png', '8175011462', 'PK', 'https://www.facebook.com/Abs.shipping.and.Logistics', '', '', '', '', 'https://pinterest.com/', '+923329008884', 'https://abs.xiomstudio.com/');

-- --------------------------------------------------------

--
-- Table structure for table `survey_answers`
--

CREATE TABLE `survey_answers` (
  `id` int(11) NOT NULL,
  `survey_question_id` int(11) NOT NULL,
  `answer` varchar(255) NOT NULL,
  `selectedAnswer` tinyint(1) NOT NULL DEFAULT 0
) ENGINE=MyISAM DEFAULT CHARSET=latin1 COLLATE=latin1_swedish_ci;

--
-- Dumping data for table `survey_answers`
--

INSERT INTO `survey_answers` (`id`, `survey_question_id`, `answer`, `selectedAnswer`) VALUES
(1, 1, 'Yes', 0),
(2, 1, 'No', 0),
(3, 2, 'Yes', 0),
(4, 2, 'No', 0),
(5, 3, 'Yes', 0),
(6, 3, 'No', 0),
(7, 4, 'Yes', 0),
(8, 4, 'No', 0),
(9, 5, 'Yes', 0),
(10, 5, 'No', 0),
(11, 6, 'Yes', 0),
(12, 6, 'No', 0),
(13, 7, 'Yes', 0),
(14, 7, 'No', 0),
(15, 8, 'Yes', 0),
(16, 8, 'No', 0),
(17, 9, 'Yes', 0),
(18, 9, 'No', 0),
(19, 10, 'Yes', 0),
(20, 10, 'No', 0),
(21, 11, 'Yes', 0),
(22, 11, 'No', 0),
(23, 12, 'Yes', 0),
(24, 12, 'No', 0),
(25, 13, 'Yes', 0),
(26, 13, 'No', 0),
(27, 14, 'Yes', 0),
(28, 14, 'No', 0),
(29, 15, 'Yes', 0),
(30, 15, 'No', 0),
(31, 16, 'Yes', 0),
(32, 16, 'No', 0),
(33, 17, 'Yes', 0),
(34, 17, 'No', 0),
(35, 18, 'Yes', 0),
(36, 18, 'No', 0),
(37, 19, 'Yes', 0),
(38, 19, 'No', 0),
(39, 20, 'Yes', 0),
(40, 20, 'No', 0),
(41, 21, 'Yes', 0),
(42, 21, 'No', 0),
(43, 22, 'Yes', 0),
(44, 22, 'No', 0),
(45, 23, 'Yes', 0),
(46, 23, 'No', 0),
(47, 24, 'Yes', 0),
(48, 24, 'No', 0),
(49, 25, 'Yes', 0),
(50, 25, 'No', 0),
(51, 26, 'Yes', 0),
(52, 26, 'No', 0),
(53, 27, 'Yes', 0),
(54, 27, 'No', 0),
(55, 28, 'Yes', 0),
(56, 28, 'No', 0),
(57, 29, 'Yes', 0),
(58, 29, 'No', 0),
(59, 30, 'Yes', 0),
(60, 30, 'No', 0),
(61, 31, 'Yes', 0),
(62, 31, 'No', 0),
(63, 32, 'Yes', 0),
(64, 32, 'No', 0),
(65, 33, 'Yes', 0),
(66, 33, 'No', 0),
(67, 34, 'Yes', 0),
(68, 34, 'No', 0),
(69, 35, 'Yes', 0),
(70, 35, 'No', 0),
(71, 36, 'Yes', 0),
(72, 36, 'No', 0),
(73, 37, 'Yes', 0),
(74, 37, 'No', 0),
(75, 38, 'Yes', 0),
(76, 38, 'No', 0),
(77, 39, 'Yes', 0),
(78, 39, 'No', 0),
(79, 40, 'Yes', 0),
(80, 40, 'No', 0),
(81, 41, 'Yes', 0),
(82, 41, 'No', 0),
(83, 42, 'Yes', 0),
(84, 42, 'No', 0),
(85, 43, 'Yes', 0),
(86, 43, 'No', 0),
(87, 44, 'Yes', 0),
(88, 44, 'No', 0),
(89, 45, 'Yes', 0),
(90, 45, 'No', 0),
(91, 46, 'Yes', 0),
(92, 46, 'No', 0),
(93, 47, 'Yes', 0),
(94, 47, 'No', 0),
(95, 48, 'Yes', 0),
(96, 48, 'No', 0),
(97, 49, 'Yes', 0),
(98, 49, 'No', 0),
(99, 50, 'Yes', 0),
(100, 50, 'No', 0),
(101, 51, 'Yes', 0),
(102, 51, 'No', 0),
(103, 52, 'Yes', 0),
(104, 52, 'No', 0),
(105, 53, 'Yes', 0),
(106, 53, 'No', 0),
(107, 54, 'Yes', 0),
(108, 54, 'No', 0),
(109, 55, 'Yes', 0),
(110, 55, 'No', 0),
(111, 56, 'Yes', 0),
(112, 56, 'No', 0),
(113, 57, 'Yes', 0),
(114, 57, 'No', 0),
(115, 58, 'Yes', 0),
(116, 58, 'No', 0),
(117, 59, 'Yes', 0),
(118, 59, 'No', 0),
(119, 60, 'Yes', 0),
(120, 60, 'No', 0);

-- --------------------------------------------------------

--
-- Table structure for table `survey_info`
--

CREATE TABLE `survey_info` (
  `id` int(11) NOT NULL,
  `formid` varchar(255) NOT NULL,
  `userid` int(11) NOT NULL,
  `created_at` timestamp NOT NULL DEFAULT current_timestamp()
) ENGINE=MyISAM DEFAULT CHARSET=latin1 COLLATE=latin1_swedish_ci;

--
-- Dumping data for table `survey_info`
--

INSERT INTO `survey_info` (`id`, `formid`, `userid`, `created_at`) VALUES
(1, 'formID1737975711478950', 4405, '2025-01-27 11:01:52'),
(2, 'formID1737975727410416', 4405, '2025-01-27 11:02:08'),
(3, 'formID1737975775790576', 4405, '2025-01-27 11:02:56');

-- --------------------------------------------------------

--
-- Table structure for table `survey_questions`
--

CREATE TABLE `survey_questions` (
  `id` int(11) NOT NULL,
  `survey_info_id` int(11) NOT NULL,
  `question` text NOT NULL
) ENGINE=MyISAM DEFAULT CHARSET=latin1 COLLATE=latin1_swedish_ci;

--
-- Dumping data for table `survey_questions`
--

INSERT INTO `survey_questions` (`id`, `survey_info_id`, `question`) VALUES
(1, 1, 'Is the land currently zoned for the use you intend (residential, commercial, agricultural, etc.)?'),
(2, 1, 'Are there any existing liens or encumbrances on the property?'),
(3, 1, 'Has the land been surveyed recently?'),
(4, 1, 'Are there any easements that affect the property?'),
(5, 1, 'Is the land free of environmental hazards?'),
(6, 1, 'Has the property been involved in any legal disputes?'),
(7, 1, 'Is there access to utilities (water, electricity, sewage)?'),
(8, 1, 'Are there any restrictions on building or land use?'),
(9, 1, 'Is the land located in a flood zone?'),
(10, 1, 'Are there ongoing maintenance fees or association dues?'),
(11, 1, 'Has the property been appraised recently?'),
(12, 1, 'Is there clear title to the property?'),
(13, 1, 'Is the land accessible by a public road?'),
(14, 1, 'Are there any zoning changes expected in the near future?'),
(15, 1, 'Have you owned the land for more than five years?'),
(16, 1, 'Is the land serviced by a reliable internet provider?'),
(17, 1, 'Are there any known pests or wildlife issues on the property?'),
(18, 1, 'Is the property part of any conservation or preservation easement?'),
(19, 1, 'Have there been any recent property tax assessments?'),
(20, 1, 'Is the land suitable for any type of construction?'),
(21, 2, 'Is the land currently zoned for the use you intend (residential, commercial, agricultural, etc.)?'),
(22, 2, 'Are there any existing liens or encumbrances on the property?'),
(23, 2, 'Has the land been surveyed recently?'),
(24, 2, 'Are there any easements that affect the property?'),
(25, 2, 'Is the land free of environmental hazards?'),
(26, 2, 'Has the property been involved in any legal disputes?'),
(27, 2, 'Is there access to utilities (water, electricity, sewage)?'),
(28, 2, 'Are there any restrictions on building or land use?'),
(29, 2, 'Is the land located in a flood zone?'),
(30, 2, 'Are there ongoing maintenance fees or association dues?'),
(31, 2, 'Has the property been appraised recently?'),
(32, 2, 'Is there clear title to the property?'),
(33, 2, 'Is the land accessible by a public road?'),
(34, 2, 'Are there any zoning changes expected in the near future?'),
(35, 2, 'Have you owned the land for more than five years?'),
(36, 2, 'Is the land serviced by a reliable internet provider?'),
(37, 2, 'Are there any known pests or wildlife issues on the property?'),
(38, 2, 'Is the property part of any conservation or preservation easement?'),
(39, 2, 'Have there been any recent property tax assessments?'),
(40, 2, 'Is the land suitable for any type of construction?'),
(41, 3, 'Is the land currently zoned for the use you intend (residential, commercial, agricultural, etc.)?'),
(42, 3, 'Are there any existing liens or encumbrances on the property?'),
(43, 3, 'Has the land been surveyed recently?'),
(44, 3, 'Are there any easements that affect the property?'),
(45, 3, 'Is the land free of environmental hazards?'),
(46, 3, 'Has the property been involved in any legal disputes?'),
(47, 3, 'Is there access to utilities (water, electricity, sewage)?'),
(48, 3, 'Are there any restrictions on building or land use?'),
(49, 3, 'Is the land located in a flood zone?'),
(50, 3, 'Are there ongoing maintenance fees or association dues?'),
(51, 3, 'Has the property been appraised recently?'),
(52, 3, 'Is there clear title to the property?'),
(53, 3, 'Is the land accessible by a public road?'),
(54, 3, 'Are there any zoning changes expected in the near future?'),
(55, 3, 'Have you owned the land for more than five years?'),
(56, 3, 'Is the land serviced by a reliable internet provider?'),
(57, 3, 'Are there any known pests or wildlife issues on the property?'),
(58, 3, 'Is the property part of any conservation or preservation easement?'),
(59, 3, 'Have there been any recent property tax assessments?'),
(60, 3, 'Is the land suitable for any type of construction?');

-- --------------------------------------------------------

--
-- Table structure for table `users`
--

CREATE TABLE `users` (
  `id` int(11) NOT NULL,
  `name` varchar(255) DEFAULT NULL,
  `email` varchar(222) DEFAULT NULL,
  `username` varchar(50) NOT NULL,
  `password` varchar(222) DEFAULT NULL,
  `phone` varchar(200) DEFAULT NULL,
  `adress` varchar(255) DEFAULT NULL,
  `country` varchar(255) DEFAULT NULL,
  `role_id` int(11) DEFAULT NULL,
  `code` varchar(200) NOT NULL,
  `status` int(11) NOT NULL,
  `profile` text NOT NULL,
  `phone_verified` int(11) NOT NULL DEFAULT 0 COMMENT '0 not verified, 1 verified'
) ENGINE=InnoDB DEFAULT CHARSET=utf8mb4 COLLATE=utf8mb4_general_ci;

--
-- Dumping data for table `users`
--

INSERT INTO `users` (`id`, `name`, `email`, `username`, `password`, `phone`, `adress`, `country`, `role_id`, `code`, `status`, `profile`, `phone_verified`) VALUES
(1, 'Johnny Luna', 'Lunaenterprises.jl@gmail.com', '', '0f0ba563d92b71f831ca508d9a82d690', '8175011462', '', 'Pakistan', 1, '671012', 1, '13032023013634image_picker7905809975070290579.jpg', 0),
(3, 'Muhammad moiz', 'mohammad786moiz@gmail.com', 'M.Moiz', '1234', '23323232', 'Moin a bad Malir', 'Pakistan', 3, '0', 1, '', 0),
(4372, 'Johnny luna', 'donny.jluna@gmail.com', '', '482c811da5d5b4bc6d497ffa98491e38', '8175011462', NULL, NULL, 3, '972329', 1, 'default.png', 0),
(4374, 'jack ', 'jsuegeiwiw@gmail.com', '', '66cb87e4e66a825d10cf4227e0e82eee', '46900000000', NULL, NULL, 3, '', 1, 'default.png', 0),
(4377, 'sam smith', 'samsmoth@gmail.com', '', '36a5b0a699c1ec8bd66aeca744915faa', '2146789087', NULL, NULL, 3, '', 1, 'default.png', 0),
(4378, 'sam smith', 'stephanie@gmail.com', '', 'b41cb62ec6767f2e41f9df7a2d161515', '2146780963', NULL, NULL, 3, '', 1, 'default.png', 0),
(4380, 'Laura', 'laus1523@gmail.com', '', 'b25fb57dea6f023399dbf761b5f25937', '8177690259', NULL, NULL, 3, '561676', 1, 'default.png', 0),
(4381, 'Johana Garcia', 'johana.b4391@gmail.com', '', '25e4094426ccd96dc360c986626c3734', '6825616378', NULL, NULL, 3, '', 1, 'default.png', 0),
(4383, 'j luna', 'jonny@gmail.com', '', '202cb962ac59075b964b07152d234b70', '111111', NULL, NULL, 3, '', 1, 'default.png', 0),
(4384, 'New', 'new@gmail.com', '', 'e118217b59f9df25447a6042e1282a69', '030165965', NULL, NULL, 3, '', 0, 'default.png', 0),
(4385, 'zyta', 'kosciukzyta@gmail.com', '', 'ebf8459b2ff6fab0a28ed5f22033aec4', '123', NULL, NULL, 3, '338382', 1, 'default.png', 0),
(4386, 'Myriam ', 'myriamugc@gmail.com', '', 'f2dc4bc3929b36d013905c1af09619c3', '12', NULL, NULL, 3, '', 1, 'default.png', 0),
(4387, 'z', 'czarnyorzeszek@tlen.pl', '', 'f3abb86bd34cf4d52698f14c0da1dc60', '55', NULL, NULL, 3, '248037', 1, 'default.png', 0),
(4388, 'zyta', 'kosciukzyta@o2.pl', '', '320b5a1e14a9937bc5fc8912f4fc6c23', '555', NULL, NULL, 3, '', 1, 'default.png', 0),
(4392, 'Anas', 'anas80@gmail.com', '', 'e118217b59f9df25447a6042e1282a69', '3010227114', NULL, NULL, 3, '', 1, '1207202411132646aac09e-f607-430a-889e-bfa9c8d9a052-1_all_35.jpg', 1),
(4393, 'Paul', 'paul@thursday-evening.com', '', 'fd54f7133784f1940ac3c9205fbfaf04', '9723752201', NULL, NULL, 3, '', 1, '07022023224208image_picker_4338E522-DC1D-4DBE-9988-F8D70671318E-3400-000001801DA1123A.jpg', 0),
(4394, 'Chayanun sriluksana ', 'tom@thursday-evening.com', '', 'ae06a7916eca000de400e9320a539574', '4696882329', NULL, NULL, 3, '', 1, 'default.png', 0),
(4396, 'Minha Kweon', 'minhakweon@gmail.com', '', 'a633aa942fb1950961dc7e7872e3010a', '8167267318', NULL, NULL, 3, '', 1, 'default.png', 0),
(4399, 'Minha Kweon', 'minha.lunaenterprises@gmail.com', '', '1ca4e22cbd14f66584d9deb0a558cd36', '8167267318', NULL, NULL, 3, '', 1, 'default.png', 0),
(4400, 'David Dobbs', 'cyaholdings@gmail.com', '', 'e02cc83f3b38ba484f84898e6c28a975', '7065107071', NULL, NULL, 3, '', 1, 'default.png', 0),
(4401, 'Stephanie Ruiz', 'stephanie.lunaenterprises@gmail.com', '', '08e06912fdaa85ad76bc1e7c90f7123e', '2146736180', NULL, NULL, 3, '', 1, 'default.png', 0),
(4402, 'Julio Martinez ', 'jrm28820@gmail.com', '', '4ebd56e2477b17367b19f9813478283b', '8138099072', NULL, NULL, 3, '', 1, 'default.png', 0),
(4403, 'Kevin Caldwell', 'caldwellk32@gmail.com', '', '84c0b5c133e15d50813851b8e28834b4', '9045059065', NULL, NULL, 3, '', 1, 'default.png', 0),
(4404, 'yesy', 'bandida9131@hotmail.com', '', '4e4047cd2e0e6688eccaea88264f91eb', '3317035388', NULL, NULL, 3, '', 1, 'default.png', 0),
(4405, 'Anas Ayub', 'user@sample.com', '', 'e118217b59f9df25447a6042e1282a69', '+923283567332', NULL, NULL, 3, '592085', 1, '180920242026311000011608.jpg', 1),
(4406, 'Jabarren Hansell ', 'FanFirxt@outlook.com', '', 'f054719d68fcc128112c3950825a5569', '9045870925', NULL, NULL, 3, '', 1, 'default.png', 0),
(4407, 'Jason Carter', 'dallas_4ever@yahoo.com', '', '235e39accd347c4360ac683b872d5bad', '9362075658', NULL, NULL, 3, '', 1, 'default.png', 0),
(4408, 'Eric L Jones Jr ', 'kjngsmurfblue@gmail.com', '', 'a7462bc96d69f39d0bfe585f8123da27', '8169082469', NULL, NULL, 3, '', 1, 'default.png', 0),
(4409, 'YungMfSmurf ', 'Kingsmurfblue@gmail.com', '', 'a7462bc96d69f39d0bfe585f8123da27', '18169082469', NULL, NULL, 3, '', 1, 'default.png', 0),
(4410, 'ali jawad', 'jawadsubhan7@gmail.com', '', '7411b3a7cac02ada5ee4694420322cd3', '03010824703', NULL, NULL, 3, '', 1, 'default.png', 0),
(4411, 'yasir azam ', 'azamyasira@gmail.com', '', '90505313d0991c7b55695c74100d56fd', '270695', NULL, NULL, 3, '', 1, 'default.png', 0),
(4412, 'Carolyn ', 'milan6929@gmail.com', '', 'b47ec599c695eaa30ce95369742190af', '8572498185', NULL, NULL, 3, '', 1, 'default.png', 0),
(4413, 'Esam Onela George ', 'gesam675@gmail.com', '', '85ced5d7ea6b2a20ec3249cc94f8d317', '0684349242', NULL, NULL, 3, '', 1, 'default.png', 0),
(4414, 'anas', 'anas@gmail.com', '', '81dc9bdb52d04dc20036dbd8313ed055', '+923010227114', NULL, NULL, 3, '', 1, '130620241221201000000018.jpg', 0),
(4416, 'Admin', 'admin@sample.com', '', '81dc9bdb52d04dc20036dbd8313ed055', '+92 3010227114', NULL, NULL, 2, '438704', 1, '150620240654401000000018.jpg', 1),
(4417, 'Ali', 'm@m.com', '', '25d55ad283aa400af464c76d713c07ad', '25698022', NULL, NULL, 3, '', 1, 'default.png', 0),
(4418, 'alijawad', 'dsafas@email.com', '', '202cb962ac59075b964b07152d234b70', '123', NULL, NULL, 3, '', 1, 'default.png', 0),
(4419, 'sadf', 'asdf', '', '202cb962ac59075b964b07152d234b70', '123', NULL, NULL, 3, '', 1, 'default.png', 0),
(4420, 'sadf', 'adf', '', '202cb962ac59075b964b07152d234b70', '123', NULL, NULL, 3, '', 1, 'default.png', 0),
(4421, 'lojo', 'iuhi', '', '202cb962ac59075b964b07152d234b70', '123', NULL, NULL, 3, '', 1, 'default.png', 0),
(4422, 'lojo', 'asdfsafas', '', '202cb962ac59075b964b07152d234b70', '123', NULL, NULL, 3, '', 1, 'default.png', 0),
(4423, 'dfasf', 'saf', '', '202cb962ac59075b964b07152d234b70', '123', NULL, NULL, 3, '', 1, 'default.png', 0),
(4424, 'dfasf', 'sa1f', '', '202cb962ac59075b964b07152d234b70', '123', NULL, NULL, 3, '', 1, 'default.png', 0),
(4425, 'dfasf', 's11f', '', '202cb962ac59075b964b07152d234b70', '123', NULL, NULL, 3, '', 1, 'default.png', 0),
(4426, 'dfasf', 's11', '', '202cb962ac59075b964b07152d234b70', '123', NULL, NULL, 3, '', 1, 'default.png', 0),
(4427, 'asdfas', 'saf@email.com', '', '202cb962ac59075b964b07152d234b70', '123', NULL, NULL, 3, '', 1, 'default.png', 0),
(4428, 'dsfa', 'asdfa@email.com', '', '202cb962ac59075b964b07152d234b70', '123', NULL, NULL, 3, '', 1, 'default.png', 0),
(4429, 'dsfa', 'afsd@email.ocm', '', '202cb962ac59075b964b07152d234b70', '1231', NULL, NULL, 3, '', 1, 'default.png', 0),
(4430, 'asdfas', 'asf', '', '202cb962ac59075b964b07152d234b70', '123', NULL, NULL, 3, '', 1, 'default.png', 0),
(4431, 'dsab', 'dsaf', '', '202cb962ac59075b964b07152d234b70', '123', NULL, NULL, 3, '', 1, 'default.png', 0),
(4432, 'fasd', 'sadf@email.com', '', '202cb962ac59075b964b07152d234b70', '123', NULL, NULL, 3, '', 1, 'default.png', 0),
(4433, 'sad', 'asdfa', '', '202cb962ac59075b964b07152d234b70', '123', NULL, NULL, 3, '', 1, 'default.png', 0),
(4434, 'asf', 'asfsa', '', '202cb962ac59075b964b07152d234b70', '123', NULL, NULL, 3, '', 1, 'default.png', 0),
(4435, 'asdfasa', 'dfas', '', '202cb962ac59075b964b07152d234b70', '123', NULL, NULL, 3, '', 1, 'default.png', 0),
(4436, 'ASFASDF', 'ASDFs', '', '202cb962ac59075b964b07152d234b70', '123', NULL, NULL, 3, '', 1, 'default.png', 0),
(4437, 'uwu', 'uwu@email.com', '', '202cb962ac59075b964b07152d234b70', '123', NULL, NULL, 3, '', 1, 'default.png', 0),
(4438, 'alijawad', 'jawadsubhan@email.com', '', '202cb962ac59075b964b07152d234b70', '923010024703', NULL, NULL, 3, '907140', 1, 'default.png', 0),
(4439, 'Ali jawad', 'jawduwu@email.com', '', '202cb962ac59075b964b07152d234b70', '+92 3010024703', NULL, NULL, 3, '', 1, 'default.png', 0),
(4440, 'asda', 'asdfaa@email.com', '', '202cb962ac59075b964b07152d234b70', '+92 312 3456789', NULL, NULL, 3, '', 1, 'default.png', 0),
(4441, 'kawd', 'asda@email.com', '', '202cb962ac59075b964b07152d234b70', '+92 312 3456789', NULL, NULL, 3, '', 1, 'default.png', 0),
(4442, 'dfasfdas', 'fasfdsa', '', '202cb962ac59075b964b07152d234b70', '+92 312 3456789', NULL, NULL, 3, '', 1, 'default.png', 0),
(4443, 'dfasfdas', 'fasfdsaa', '', '202cb962ac59075b964b07152d234b70', '+92 312 3456789', NULL, NULL, 3, '', 1, 'default.png', 0),
(4447, 'Juicewlrd', 'juicewrld@gmail.com', '', 'e118217b59f9df25447a6042e1282a69', '+92 3010227114', NULL, NULL, 3, '', 1, 'default.png', 1),
(4450, 'john wick', 'johnwick@gmail.com', '', 'e118217b59f9df25447a6042e1282a69', '+92 3010227114', NULL, NULL, 3, '', 1, 'default.png', 1),
(4451, 'user', 'workdotclick@gmail.com', '', 'd2f44283f955c5d6d337e6ba32673f63', '+92 3010227114', NULL, NULL, 3, '', 1, '280620240658141000000018.jpg', 1),
(4452, 'Anas', 'anasayub80@gmail.com', '', 'e118217b59f9df25447a6042e1282a69', '+92 3283567332', NULL, NULL, 3, '', 1, 'default.png', 0),
(4453, 'Anas', 'anastechno@gmail.com', '', 'e118217b59f9df25447a6042e1282a69', '+92 3283567332', NULL, NULL, 3, '', 1, '290820240617181000000018.jpg', 1),
(4454, 'Abraham Lozano ', 'abraham@lunaent.io', '', '602f72c35d625df7c7308347ea3b3a03', '4698598639', NULL, NULL, 3, '247422', 1, '29082024194717image_picker_7592A09E-0D22-4FB9-8D66-62C376030D95-28003-0000060757ED9395.jpg', 0),
(4455, 'test', 'test.io', '', '81dc9bdb52d04dc20036dbd8313ed055', '1111111111', NULL, NULL, 3, '', 1, 'default.png', 0),
(4456, 'test', 'test.com', '', '81dc9bdb52d04dc20036dbd8313ed055', '1111111111', NULL, NULL, 3, '', 1, 'default.png', 0),
(4457, 'testing', '1234test.net', '', '81dc9bdb52d04dc20036dbd8313ed055', '1111111111', NULL, NULL, 3, '', 1, 'default.png', 0),
(4458, 'j luna', 'johnluna479@gmail.com', '', '6e04a7d7cb87cc436a4b4c8d92a8ff38', '8175011462', NULL, NULL, 3, '', 1, 'default.png', 0),
(4459, 'donny', 'donny@yahoo.com', '', 'ab750e47f9b1d944cbbf02a987758b75', '+1 8175011462', NULL, NULL, 3, '', 1, 'default.png', 1),
(4460, 'luna', 'luna@lunaent.io', '', 'c93ccd78b2076528346216b3b2f701e6', '+1 81750111462', NULL, NULL, 3, '', 1, 'default.png', 0),
(4461, 'j luna', 'jluna@gmail.com', '', '81dc9bdb52d04dc20036dbd8313ed055', '+1 6822562813', NULL, NULL, 3, '', 1, 'default.png', 0),
(4462, 'Anas', 'user@gmail.com', 'Anas Ayub', 'e118217b59f9df25447a6042e1282a69', '+92 3010227114', NULL, NULL, 3, '707535', 1, '11032025085355images(1).jpg', 1),
(4463, 'Anas', 'm.anasayub80@gmail.com', '', '5f4dcc3b5aa765d61d8327deb882cf99', '+9223123123', NULL, NULL, 3, '', 1, 'default.png', 0),
(4464, 'Anas', 'tester@gmail.com', '', '5f4dcc3b5aa765d61d8327deb882cf99', '+9223123123', NULL, NULL, 3, '', 1, 'default.png', 0),
(4465, 'test', 'tester1@gmail.com', '', '8e607a4752fa2e59413e5790536f2b42', '1234567890', NULL, NULL, 3, '', 1, 'default.png', 0);

--
-- Indexes for dumped tables
--

--
-- Indexes for table `deletedAccounts`
--
ALTER TABLE `deletedAccounts`
  ADD PRIMARY KEY (`id`);

--
-- Indexes for table `form_images`
--
ALTER TABLE `form_images`
  ADD PRIMARY KEY (`id`);

--
-- Indexes for table `house_details`
--
ALTER TABLE `house_details`
  ADD PRIMARY KEY (`id`);

--
-- Indexes for table `notifications`
--
ALTER TABLE `notifications`
  ADD PRIMARY KEY (`id`);

--
-- Indexes for table `roles`
--
ALTER TABLE `roles`
  ADD PRIMARY KEY (`id`);

--
-- Indexes for table `seo`
--
ALTER TABLE `seo`
  ADD PRIMARY KEY (`id`);

--
-- Indexes for table `settings`
--
ALTER TABLE `settings`
  ADD PRIMARY KEY (`id`);

--
-- Indexes for table `survey_answers`
--
ALTER TABLE `survey_answers`
  ADD PRIMARY KEY (`id`),
  ADD KEY `survey_question_id` (`survey_question_id`);

--
-- Indexes for table `survey_info`
--
ALTER TABLE `survey_info`
  ADD PRIMARY KEY (`id`);

--
-- Indexes for table `survey_questions`
--
ALTER TABLE `survey_questions`
  ADD PRIMARY KEY (`id`),
  ADD KEY `survey_info_id` (`survey_info_id`);

--
-- Indexes for table `users`
--
ALTER TABLE `users`
  ADD PRIMARY KEY (`id`);

--
-- AUTO_INCREMENT for dumped tables
--

--
-- AUTO_INCREMENT for table `deletedAccounts`
--
ALTER TABLE `deletedAccounts`
  MODIFY `id` int(11) NOT NULL AUTO_INCREMENT, AUTO_INCREMENT=23;

--
-- AUTO_INCREMENT for table `form_images`
--
ALTER TABLE `form_images`
  MODIFY `id` int(11) NOT NULL AUTO_INCREMENT, AUTO_INCREMENT=797;

--
-- AUTO_INCREMENT for table `house_details`
--
ALTER TABLE `house_details`
  MODIFY `id` int(11) NOT NULL AUTO_INCREMENT, AUTO_INCREMENT=253;

--
-- AUTO_INCREMENT for table `notifications`
--
ALTER TABLE `notifications`
  MODIFY `id` int(11) NOT NULL AUTO_INCREMENT;

--
-- AUTO_INCREMENT for table `roles`
--
ALTER TABLE `roles`
  MODIFY `id` int(11) NOT NULL AUTO_INCREMENT, AUTO_INCREMENT=4;

--
-- AUTO_INCREMENT for table `survey_answers`
--
ALTER TABLE `survey_answers`
  MODIFY `id` int(11) NOT NULL AUTO_INCREMENT, AUTO_INCREMENT=121;

--
-- AUTO_INCREMENT for table `survey_info`
--
ALTER TABLE `survey_info`
  MODIFY `id` int(11) NOT NULL AUTO_INCREMENT, AUTO_INCREMENT=4;

--
-- AUTO_INCREMENT for table `survey_questions`
--
ALTER TABLE `survey_questions`
  MODIFY `id` int(11) NOT NULL AUTO_INCREMENT, AUTO_INCREMENT=61;

--
-- AUTO_INCREMENT for table `users`
--
ALTER TABLE `users`
  MODIFY `id` int(11) NOT NULL AUTO_INCREMENT, AUTO_INCREMENT=4466;
COMMIT;

/*!40101 SET CHARACTER_SET_CLIENT=@OLD_CHARACTER_SET_CLIENT */;
/*!40101 SET CHARACTER_SET_RESULTS=@OLD_CHARACTER_SET_RESULTS */;
/*!40101 SET COLLATION_CONNECTION=@OLD_COLLATION_CONNECTION */;
